-- phpMyAdmin SQL Dump
-- version 5.1.0
-- https://www.phpmyadmin.net/
--
-- Host: 127.0.0.1:3306
-- Generation Time: May 27, 2022 at 10:22 PM
-- Server version: 8.0.24
-- PHP Version: 8.0.8

SET SQL_MODE = "NO_AUTO_VALUE_ON_ZERO";
START TRANSACTION;
SET time_zone = "+00:00";


/*!40101 SET @OLD_CHARACTER_SET_CLIENT=@@CHARACTER_SET_CLIENT */;
/*!40101 SET @OLD_CHARACTER_SET_RESULTS=@@CHARACTER_SET_RESULTS */;
/*!40101 SET @OLD_COLLATION_CONNECTION=@@COLLATION_CONNECTION */;
/*!40101 SET NAMES utf8mb4 */;

--
-- Database: `jobhelper`
--

-- --------------------------------------------------------

--
-- Table structure for table `cities`
--

DROP TABLE IF EXISTS `cities`;
CREATE TABLE `cities` (
  `id` int NOT NULL,
  `name` varchar(255) CHARACTER SET utf8mb4 COLLATE utf8mb4_unicode_ci NOT NULL
) ENGINE=InnoDB DEFAULT CHARSET=utf8mb4 COLLATE=utf8mb4_unicode_ci;

--
-- Dumping data for table `cities`
--

INSERT INTO `cities` (`id`, `name`) VALUES
(1, 'Львів');

-- --------------------------------------------------------

--
-- Table structure for table `collaborators`
--

DROP TABLE IF EXISTS `collaborators`;
CREATE TABLE `collaborators` (
  `id` int NOT NULL,
  `name` varchar(255) COLLATE utf8mb4_unicode_ci NOT NULL,
  `email` varchar(120) COLLATE utf8mb4_unicode_ci NOT NULL,
  `role` varchar(120) COLLATE utf8mb4_unicode_ci NOT NULL
) ENGINE=InnoDB DEFAULT CHARSET=utf8mb4 COLLATE=utf8mb4_unicode_ci;

--
-- Dumping data for table `collaborators`
--

INSERT INTO `collaborators` (`id`, `name`, `email`, `role`) VALUES
(1, 'Stanislav Denysenko', 'lohopusik67@gmail.com', 'Frontend dev'),
(2, 'Vitaliy Sevastyanov', 'vetal.sevastyanov@gmail.com', 'Frontend dev'),
(3, 'Nazar Bylen', 'nazar.bylen.ir.2021@lpnu.ua', 'Backend dev'),
(4, 'Orest Borshovskiy', 'oborshovskiy@gmail.com', 'Backend dev'),
(5, 'Ihor Patko', 'patkoihor2004@gmail.com', 'Backend dev'),
(6, 'Maksym Morochenets', 'maksmorroo@gmail.com', 'Backend dev'),
(7, 'Ihor Byra', 'ihorbyra@gmail.com', 'Mentor');

-- --------------------------------------------------------

--
-- Table structure for table `faculties`
--

DROP TABLE IF EXISTS `faculties`;
CREATE TABLE `faculties` (
  `id` int NOT NULL,
  `name` text CHARACTER SET utf8mb4 COLLATE utf8mb4_unicode_ci NOT NULL,
  `university_id` int NOT NULL,
  `speciality_code` varchar(100) COLLATE utf8mb4_unicode_ci NOT NULL,
  `short_description` text CHARACTER SET utf8mb4 COLLATE utf8mb4_unicode_ci NOT NULL,
  `url` text CHARACTER SET utf8mb4 COLLATE utf8mb4_unicode_ci NOT NULL
) ENGINE=InnoDB DEFAULT CHARSET=utf8mb4 COLLATE=utf8mb4_unicode_ci;

--
-- Dumping data for table `faculties`
--

INSERT INTO `faculties` (`id`, `name`, `university_id`, `speciality_code`, `short_description`, `url`) VALUES
(826173, 'Інститут комп\'ютерних технологій, автоматики та метрології', 97, '122', '', ''),
(826494, 'Факультет міжнародних економічних відносин та інформаційних технологій', 16, '122', '', ''),
(833553, 'Інститут комп\'ютерних технологій, автоматики та метрології', 97, '125', '', ''),
(834453, 'Інститут комп\'ютерних наук та інформаційних технологій', 97, '122', '', ''),
(835497, 'Факультет прикладної математики та інформатики', 282, '125', '', ''),
(842107, 'Факультет прикладної математики та інформатики', 282, '122', '', ''),
(842578, 'Факультет електроніки та комп`ютерних технологій', 282, '122', '', ''),
(855074, 'Інститут деревообробних та комп\'ютерних технологій і дизайну', 160, '122', '', ''),
(856008, 'Факультет видавничо-поліграфічних та інформаційних технологій', 167, '122', '', ''),
(860317, 'Факультет прикладних наук', 244, '122', '', ''),
(869029, 'Філософський факультет', 282, '033', '', '');

-- --------------------------------------------------------

--
-- Table structure for table `faculties_grade`
--

DROP TABLE IF EXISTS `faculties_grade`;
CREATE TABLE `faculties_grade` (
  `id` int NOT NULL,
  `faculty_id` int NOT NULL,
  `year` int NOT NULL,
  `min_grade_contract` float(3,3) NOT NULL,
  `min_grade_budget` float(3,3) NOT NULL,
  `min_grade_budget_quotes` float(3,3) NOT NULL
) ENGINE=InnoDB DEFAULT CHARSET=utf8mb4 COLLATE=utf8mb4_unicode_ci;

-- --------------------------------------------------------

--
-- Table structure for table `specialities`
--

DROP TABLE IF EXISTS `specialities`;
CREATE TABLE `specialities` (
  `id` int NOT NULL,
  `code` varchar(45) CHARACTER SET utf8mb4 COLLATE utf8mb4_unicode_ci NOT NULL,
  `name` text CHARACTER SET utf8mb4 COLLATE utf8mb4_unicode_ci NOT NULL,
  `parent` int DEFAULT '0'
) ENGINE=InnoDB DEFAULT CHARSET=utf8mb4 COLLATE=utf8mb4_unicode_ci;

--
-- Dumping data for table `specialities`
--

INSERT INTO `specialities` (`id`, `code`, `name`, `parent`) VALUES
(1, '011', 'Освітні, педагогічні науки', 0),
(2, '014', 'Середня освіта', 0),
(3, '014.01', 'Українська мова і література', 2),
(4, '014.021', 'Англійська мова і література', 2),
(5, '014.022', 'Німецька мова і література', 2),
(6, '014.025', 'Російська мова і література', 2),
(7, '014.028', 'Польська мова і література', 2),
(8, '014.03', 'Історія', 2),
(9, '014.04', 'Математика', 2),
(10, '014.05', 'Біологія та здоров\'я людини', 2),
(11, '014.06', 'Хімія', 2),
(12, '014.07', 'Географія', 2),
(13, '014.08', 'Фізика', 2),
(14, '014.09', 'Інформатика', 2),
(15, '014.10', 'Трудове навчання та технології', 2),
(16, '014.11', 'Фізична культура', 2),
(17, '014.12', 'Образотворче мистецтво', 2),
(18, '014.13', 'Музичне мистецтво', 2),
(19, '014.15', 'Природничі науки', 2),
(20, '012', 'Дошкільна освіта', 0),
(21, '013', 'Початкова освіта', 0),
(22, '015', 'Професійна освіта', 0),
(23, '015.31', 'Будівництво та зварювання', 22),
(24, '015.34', 'Машинобудування', 22),
(25, '015.36', 'Технологія виробів легкої промисловості', 22),
(26, '015.37', 'Аграрне виробництво, переробка сільськогосподарської продукції та харчові технології', 22),
(27, '015.38', 'Транспорт', 22),
(28, '015.39', 'Цифрові технології', 22),
(29, '016', 'Спеціальна освіта', 0),
(30, '016.01', 'Логопедія', 29),
(31, '016.02', 'Олігофренопедагогіка', 29),
(32, '017', 'Фізична культура і спорт', 0),
(33, '021', 'Аудіовізуальне мистецтво та виробництво', 0),
(34, '022', 'Дизайн', 0),
(35, '022.01', 'Графічний дизайн', 34),
(36, '022.02', 'Дизайн одягу (взуття)', 34),
(37, '022.03', 'Дизайн середовища', 34),
(38, '022.04', 'Промисловий дизайн', 34),
(39, '022.05', 'Перукарське мистецтво та декоративна косметика', 34),
(40, '023', 'Образотворче мистецтво, декоративне мистецтво, реставрація', 0),
(41, '024', 'Хореографія', 0),
(42, '025', 'Музичне мистецтво', 0),
(43, '026', 'Сценічне мистецтво', 0),
(44, '027', 'Музеєзнавство, пам\'яткознавство', 0),
(45, '028', 'Менеджмент соціокультурної діяльності', 0),
(46, '029', 'Інформаційна, бібліотечна та архівна справа', 0),
(47, '031', 'Релігієзнавство', 0),
(48, '032', 'Історія та археологія', 0),
(49, '033', 'Філософія', 0),
(50, '034', 'Культурологія', 0),
(51, '035', 'Філологія', 0),
(52, '035.01', 'Українська мова та література', 51),
(53, '035.032', 'Слов\'янські мови та літератури(переклад включно), перша-болгарська', 51),
(54, '035.033', 'Слов\'янські мови та літератури(переклад включно), перша-польська', 51),
(55, '035.034', 'Слов\'янські мови та літератури(переклад включно), перша-російська', 51),
(56, '035.037', 'Слов\'янські мови та літератури(переклад включно), перша-хорватська', 51),
(57, '035.038', 'Слов\'янські мови та літератури(переклад включно), перша-чеська', 51),
(58, '035.041', 'Германські мови та літератури(переклад включно), перша-англійська', 51),
(59, '035.043', 'Германські мови та літератури(переклад включно), перша-німецька', 51),
(60, '035.051', 'Романські мови та літератури(переклад включно), перша-іспанська', 51),
(61, '035.055', 'Романські мови та літератури(переклад включно), перша-французька', 51),
(62, '035.060', 'Східні мови та літератури(переклад включно), перша-арабська', 51),
(63, '035.065', 'Східні мови та літератури(переклад включно), перша-китайська', 51),
(64, '035.067', 'Східні мови та літератури(переклад включно), перша-перська', 51),
(65, '035.069', 'Східні мови та літератури(переклад включно), перша-японська', 51),
(66, '035.08', 'Класичні мови та літератури(переклад включно)', 51),
(67, '035.09', 'Фольклористика', 51),
(68, '035.10', 'Прикладна лінгвістика', 51),
(69, '041', 'Богослов\'я', 0),
(70, '051', 'Економіка', 0),
(71, '052', 'Політологія', 0),
(72, '053', 'Психологія', 0),
(73, '054', 'Соціологія', 0),
(74, '061', 'Журналістика', 0),
(75, '071', 'Облік і оподаткування', 0),
(76, '072', 'Фінанси, банківська справа та страхування', 0),
(77, '073', 'Менеджмент', 0),
(78, '075', 'Маркетинг', 0),
(79, '076', 'Підприємництво, торгівля та біржова діяльність', 0),
(80, '081', 'Право', 0),
(81, '091', 'Біолгоія', 0),
(82, '101', 'Екологія', 0),
(83, '102', 'Хімія', 0),
(84, '103', 'Науки про Землю', 0),
(85, '104', 'Фізика та астрономія', 0),
(86, '105', 'Прикладна фізика та наноматеріали', 0),
(87, '106', 'Географія', 0),
(88, '111', 'Математика', 0),
(89, '112', 'Статистика', 0),
(90, '113', 'Прикладна математика', 0),
(91, '121', 'Інженерія програмного забезпечення', 0),
(92, '122', 'Комп\'ютерні науки', 0),
(93, '123', 'Комп\'ютерна інженерія', 0),
(94, '124', 'Системний аналіз', 0),
(95, '125', 'Кібербезпека', 0),
(96, '126', 'Інформаційні системи та технології', 0),
(97, '131', 'Прикладна механіка', 0),
(98, '132', 'Матеріалознавство', 0),
(99, '133', 'Галузеве машинобудування', 0),
(100, '134', 'Авіаційна та ракетно-космічна техніка', 0),
(101, '135', 'Суднобудування', 0),
(102, '136', 'Металургія', 0),
(103, '141', 'Електроенергетика, електротехніка та електромеханіка', 0),
(104, '142', 'Енергетичне машинобудування', 0),
(105, '143', 'Атомна енергетика', 0),
(106, '144', 'Теплоенергетика', 0),
(107, '145', 'Гідроенергетика', 0),
(108, '151', 'Автоматизація та комп\'ютерно-інтегровані технології', 0),
(109, '152', 'Метрологія та інформаційно-вимірювальна техніка', 0),
(110, '153', 'Мікро та наносистемна техніка', 0),
(111, '161', 'Хімічні технології та інженерія', 0),
(112, '162', 'Біотехнології та біоінженерія', 0),
(113, '163', 'Біомедична інженерія', 0),
(114, '171', 'Електроніка', 0),
(115, '172', 'Телекомунікації та радіотехніка', 0),
(116, '173', 'Авіоніка', 0),
(117, '181', 'Харчові технології', 0),
(118, '182', 'Технології легкої промисловості', 0),
(119, '183', 'Технології захисту навколишнього середовища', 0),
(120, '184', 'Гірництво', 0),
(121, '185', 'Нафтогазова інженерія та технології', 0),
(122, '186', 'Видавництво та поліграфія', 0),
(123, '187', 'Деревообробні та меблеві технології', 0),
(124, '191', 'Архітектура та містобудування', 0),
(125, '192', 'Будівництво та цивільна інженерія', 0),
(126, '193', 'Геодезія та землеустрій', 0),
(127, '194', 'Гідротехнічне будівництво, водна інженерія та водні технології', 0),
(128, '201', 'Агрономія', 0),
(129, '202', 'Захист і карантин рослин', 0),
(130, '203', 'Садівництво та виноградарство', 0),
(131, '204', 'Технологія виробництва і переробки продукції тваринництва', 0),
(132, '205', 'Лісове господарство', 0),
(133, '206', 'Садово-паркове господарство', 0),
(134, '207', 'Водні біоресурси та аквакультура', 0),
(135, '208', 'Агроінженерія', 0),
(136, '211', 'Ветеринарна медицина', 0),
(137, '212', 'Ветеринарна гігієна, санітарія і експертиза', 0),
(138, '221', 'Стоматологія', 0),
(139, '222', 'Медицина', 0),
(140, '223', 'Медсестринство', 0),
(141, '224', 'Технології медичної діагностики та лікування', 0),
(142, '225', 'Медична психологія', 0),
(143, '226', 'Фармація, промислова фармація', 0),
(144, '227', 'Фізична терапія, ерготерапія', 0),
(145, '228', 'Педіатрія', 0),
(146, '229', 'Громадське здоров\'я', 0),
(147, '231', 'Соціальна робота', 0),
(148, '232', 'Соціальне забезпечення', 0),
(149, '241', 'Готельно-ресторанна справа', 0),
(150, '242', 'Туризм', 0),
(151, '251', 'Державна безпека', 0),
(152, '252', 'Безпека державного кордону', 0),
(153, '253', 'Військове управління', 0),
(154, '254', 'Забезпечення військ(сил)', 0),
(155, '255', 'Озброєння та військова техніка', 0),
(156, '256', 'Національна безпека', 0),
(157, '261', 'Пожежна безпека', 0),
(158, '262', 'Правоохоронна діяльність', 0),
(159, '263', 'Цивільна безпека', 0),
(160, '271', 'Річковий та морський транспорт', 0),
(161, '272', 'Авіаційний транспорт', 0),
(162, '273', 'Залізничний транспорт', 0),
(163, '274', 'Автомобільний транспорт', 0),
(164, '275', 'Транспортні технології', 0),
(165, '275.03', 'На автомобільному транспорті', 164),
(166, '275.04', 'На повітряному транспорті', 164),
(167, '281', 'Публічне управління та адміністрування', 0),
(168, '291', 'Міжнародні відносини, суспільні комунікації та регіональні студії', 0),
(169, '292', 'Міжнародні економічні відносини', 0),
(170, '293', 'Міжнародне право', 0),
(171, '014.023', 'Французька мова і література', 0),
(172, '014.024', 'Іспанська мова і література', 0),
(173, '014.026', 'Угорська мова і література', 0),
(174, '014.027', 'Румунська/молдовська мова і література', 0),
(175, '014.029', 'Інші мови (із зазначенням мови)', 0);

-- --------------------------------------------------------

--
-- Table structure for table `specialities_subjects`
--

DROP TABLE IF EXISTS `specialities_subjects`;
CREATE TABLE `specialities_subjects` (
  `id` int NOT NULL,
  `speciality_code` varchar(10) COLLATE utf8mb4_unicode_ci NOT NULL,
  `subject_id` int NOT NULL,
  `subject_status` enum('main','mandatory','optional','') CHARACTER SET utf8mb4 COLLATE utf8mb4_unicode_ci NOT NULL
) ENGINE=InnoDB DEFAULT CHARSET=utf8mb4 COLLATE=utf8mb4_unicode_ci;

--
-- Dumping data for table `specialities_subjects`
--

INSERT INTO `specialities_subjects` (`id`, `speciality_code`, `subject_id`, `subject_status`) VALUES
(1, '011', 29, 'main'),
(2, '011', 6, 'mandatory'),
(3, '011', 19, 'optional'),
(4, '011', 3, 'optional'),
(5, '011', 18, 'optional'),
(6, '011', 14, 'optional'),
(7, '011', 21, 'optional'),
(8, '011', 22, 'optional'),
(9, '012', 29, 'main'),
(10, '012', 6, 'mandatory'),
(11, '012', 18, 'optional'),
(12, '012', 3, 'optional'),
(13, '012', 19, 'optional'),
(14, '012', 14, 'optional'),
(15, '012', 21, 'optional'),
(16, '012', 22, 'optional'),
(17, '013', 29, 'main'),
(18, '013', 14, 'mandatory'),
(19, '013', 22, 'optional'),
(20, '013', 21, 'optional'),
(21, '013', 6, 'optional'),
(22, '013', 3, 'optional'),
(23, '013', 19, 'optional'),
(24, '013', 18, 'optional'),
(25, '014.01', 29, 'main'),
(26, '014.01', 6, 'mandatory'),
(27, '014.01', 18, 'optional'),
(28, '014.01', 3, 'optional'),
(29, '014.01', 19, 'optional'),
(30, '014.01', 14, 'optional'),
(31, '014.01', 21, 'optional'),
(32, '014.01', 22, 'optional'),
(33, '014.021', 29, 'main'),
(34, '014.021', 3, 'mandatory'),
(35, '014.021', 18, 'optional'),
(36, '014.021', 19, 'optional'),
(37, '014.021', 14, 'optional'),
(38, '014.021', 6, 'optional'),
(39, '014.021', 21, 'optional'),
(40, '014.021', 22, 'optional'),
(41, '014.022', 29, 'main'),
(42, '014.022', 3, 'mandatory'),
(43, '014.022', 18, 'optional'),
(44, '014.022', 19, 'optional'),
(45, '014.022', 14, 'optional'),
(46, '014.022', 6, 'optional'),
(47, '014.022', 21, 'optional'),
(48, '014.022', 22, 'optional'),
(49, '014.023', 29, 'main'),
(50, '014.023', 3, 'mandatory'),
(51, '014.023', 18, 'optional'),
(52, '014.023', 19, 'optional'),
(53, '014.023', 14, 'optional'),
(54, '014.023', 6, 'optional'),
(55, '014.023', 21, 'optional'),
(56, '014.023', 22, 'optional'),
(57, '014.024', 29, 'main'),
(58, '014.024', 3, 'mandatory'),
(59, '014.024', 18, 'optional'),
(60, '014.024', 19, 'optional'),
(61, '014.024', 14, 'optional'),
(62, '014.024', 6, 'optional'),
(63, '014.024', 21, 'optional'),
(64, '014.024', 22, 'optional'),
(65, '014.025', 29, 'main'),
(66, '014.025', 3, 'mandatory'),
(67, '014.025', 18, 'optional'),
(68, '014.025', 19, 'optional'),
(69, '014.025', 14, 'optional'),
(70, '014.025', 6, 'optional'),
(71, '014.025', 21, 'optional'),
(72, '014.025', 22, 'optional'),
(73, '014.026', 29, 'main'),
(74, '014.026', 3, 'mandatory'),
(75, '014.026', 18, 'optional'),
(76, '014.026', 19, 'optional'),
(77, '014.026', 14, 'optional'),
(78, '014.026', 6, 'optional'),
(79, '014.026', 21, 'optional'),
(80, '014.026', 22, 'optional'),
(81, '014.027', 29, 'main'),
(82, '014.027', 3, 'mandatory'),
(83, '014.027', 18, 'optional'),
(84, '014.027', 19, 'optional'),
(85, '014.027', 14, 'optional'),
(86, '014.027', 6, 'optional'),
(87, '014.027', 21, 'optional'),
(88, '014.027', 22, 'optional'),
(89, '014.028', 29, 'main'),
(90, '014.028', 3, 'mandatory'),
(91, '014.028', 18, 'optional'),
(92, '014.028', 19, 'optional'),
(93, '014.028', 14, 'optional'),
(94, '014.028', 6, 'optional'),
(95, '014.028', 21, 'optional'),
(96, '014.028', 22, 'optional'),
(97, '014.029', 29, 'main'),
(98, '014.029', 3, 'mandatory'),
(99, '014.029', 18, 'optional'),
(100, '014.029', 19, 'optional'),
(101, '014.029', 14, 'optional'),
(102, '014.029', 6, 'optional'),
(103, '014.029', 21, 'optional'),
(104, '014.029', 22, 'optional'),
(105, '014.03', 29, 'main'),
(106, '014.03', 6, 'mandatory'),
(107, '014.03', 18, 'optional'),
(108, '014.03', 3, 'optional'),
(109, '014.03', 19, 'optional'),
(110, '014.03', 14, 'optional'),
(111, '014.03', 21, 'optional'),
(112, '014.03', 22, 'optional'),
(113, '014.04', 1, 'main'),
(114, '014.04', 14, 'mandatory'),
(115, '014.04', 18, 'optional'),
(116, '014.04', 3, 'optional'),
(117, '014.04', 19, 'optional'),
(118, '014.04', 6, 'optional'),
(119, '014.04', 21, 'optional'),
(120, '014.04', 22, 'optional'),
(121, '014.05', 1, 'main'),
(122, '014.05', 18, 'mandatory'),
(123, '014.05', 3, 'optional'),
(124, '014.05', 19, 'optional'),
(125, '014.05', 6, 'optional'),
(126, '014.05', 21, 'optional'),
(127, '014.05', 14, 'optional'),
(128, '014.05', 22, 'optional'),
(129, '014.06', 1, 'main'),
(130, '014.06', 22, 'mandatory'),
(131, '014.06', 18, 'optional'),
(132, '014.06', 3, 'optional'),
(133, '014.06', 19, 'optional'),
(134, '014.06', 6, 'optional'),
(135, '014.06', 21, 'optional'),
(136, '014.06', 14, 'optional'),
(137, '014.07', 29, 'main'),
(138, '014.07', 19, 'mandatory'),
(139, '014.07', 18, 'optional'),
(140, '014.07', 3, 'optional'),
(141, '014.07', 6, 'optional'),
(142, '014.07', 21, 'optional'),
(143, '014.07', 14, 'optional'),
(144, '014.07', 22, 'optional'),
(145, '014.08', 1, 'main'),
(146, '014.08', 14, 'mandatory'),
(147, '014.08', 18, 'optional'),
(148, '014.08', 3, 'optional'),
(149, '014.08', 19, 'optional'),
(150, '014.08', 6, 'optional'),
(151, '014.08', 21, 'optional'),
(152, '014.08', 22, 'optional'),
(153, '014.09', 1, 'main'),
(154, '014.09', 14, 'mandatory'),
(155, '014.09', 18, 'optional'),
(156, '014.09', 3, 'optional'),
(157, '014.09', 19, 'optional'),
(158, '014.09', 6, 'optional'),
(159, '014.09', 21, 'optional'),
(160, '014.09', 22, 'optional'),
(161, '014.10', 1, 'main'),
(162, '014.10', 14, 'mandatory'),
(163, '014.10', 18, 'optional'),
(164, '014.10', 3, 'optional'),
(165, '014.10', 19, 'optional'),
(166, '014.10', 6, 'optional'),
(167, '014.10', 21, 'optional'),
(168, '014.10', 22, 'optional'),
(169, '014.11', 1, 'main'),
(170, '014.11', 18, 'mandatory'),
(171, '014.11', 3, 'optional'),
(172, '014.11', 19, 'optional'),
(173, '014.11', 6, 'optional'),
(174, '014.11', 21, 'optional'),
(175, '014.11', 14, 'optional'),
(176, '014.11', 22, 'optional'),
(177, '014.12', 29, 'main'),
(178, '014.12', 6, 'mandatory'),
(179, '014.12', 18, 'optional'),
(180, '014.12', 3, 'optional'),
(181, '014.12', 19, 'optional'),
(182, '014.12', 21, 'optional'),
(183, '014.12', 14, 'optional'),
(184, '014.12', 22, 'optional'),
(185, '014.13', 29, 'main'),
(186, '014.13', 6, 'mandatory'),
(187, '014.13', 18, 'optional'),
(188, '014.13', 3, 'optional'),
(189, '014.13', 19, 'optional'),
(190, '014.13', 21, 'optional'),
(191, '014.13', 14, 'optional'),
(192, '014.13', 22, 'optional'),
(193, '014.15', 1, 'main'),
(194, '014.15', 18, 'mandatory'),
(195, '014.15', 19, 'optional'),
(196, '014.15', 3, 'optional'),
(197, '014.15', 6, 'optional'),
(198, '014.15', 21, 'optional'),
(199, '014.15', 14, 'optional'),
(200, '014.15', 22, 'optional'),
(201, '015', 1, 'main'),
(202, '015', 14, 'mandatory'),
(203, '015', 22, 'optional'),
(204, '015', 21, 'optional'),
(205, '015', 6, 'optional'),
(206, '015', 19, 'optional'),
(207, '015', 3, 'optional'),
(208, '015', 18, 'optional'),
(209, '016', 29, 'main'),
(210, '016', 18, 'mandatory'),
(211, '016', 3, 'optional'),
(212, '016', 19, 'optional'),
(213, '016', 6, 'optional'),
(214, '016', 21, 'optional'),
(215, '016', 14, 'optional'),
(216, '016', 22, 'optional'),
(217, '017', 1, 'main'),
(218, '017', 18, 'mandatory'),
(219, '017', 999, 'optional'),
(220, '021', 29, 'main'),
(221, '021', 6, 'mandatory'),
(222, '021', 21, 'mandatory'),
(223, '021', 999, 'optional'),
(224, '022.01', 29, 'main'),
(225, '022.01', 14, 'mandatory'),
(226, '022.01', 999, 'optional'),
(227, '022.02', 29, 'main'),
(228, '022.02', 14, 'mandatory'),
(229, '022.02', 999, 'optional'),
(230, '022.03', 29, 'main'),
(231, '022.03', 14, 'mandatory'),
(232, '022.03', 999, 'optional'),
(233, '022.04', 29, 'main'),
(234, '022.04', 14, 'mandatory'),
(235, '022.04', 999, 'optional'),
(236, '022.05', 29, 'main'),
(237, '022.05', 14, 'mandatory'),
(238, '022.05', 21, 'optional'),
(239, '022.05', 6, 'optional'),
(240, '022.05', 22, 'optional'),
(241, '022.05', 19, 'optional'),
(242, '022.05', 3, 'optional'),
(243, '022.05', 18, 'optional'),
(244, '023', 29, 'main'),
(245, '023', 22, 'mandatory'),
(246, '023', 6, 'mandatory'),
(247, '023', 999, 'optional'),
(248, '024', 29, 'main'),
(249, '024', 6, 'mandatory'),
(250, '024', 18, 'mandatory'),
(251, '024', 999, 'optional'),
(252, '025', 29, 'main'),
(253, '025', 3, 'mandatory'),
(254, '025', 6, 'mandatory'),
(255, '025', 14, 'mandatory'),
(256, '025', 999, 'optional'),
(257, '026', 29, 'main'),
(258, '026', 6, 'mandatory'),
(259, '026', 3, 'mandatory'),
(260, '026', 999, 'optional'),
(261, '027', 29, 'main'),
(262, '027', 6, 'mandatory'),
(263, '027', 18, 'optional'),
(264, '027', 3, 'optional'),
(265, '027', 19, 'optional'),
(266, '027', 21, 'optional'),
(267, '027', 14, 'optional'),
(268, '027', 22, 'optional'),
(269, '028', 29, 'main'),
(270, '028', 14, 'mandatory'),
(271, '028', 22, 'optional'),
(272, '028', 6, 'optional'),
(273, '028', 21, 'optional'),
(274, '028', 19, 'optional'),
(275, '028', 3, 'optional'),
(276, '028', 18, 'optional'),
(277, '029', 29, 'main'),
(278, '029', 6, 'mandatory'),
(279, '029', 18, 'optional'),
(280, '029', 3, 'optional'),
(281, '029', 19, 'optional'),
(282, '029', 21, 'optional'),
(283, '029', 14, 'optional'),
(284, '029', 22, 'optional'),
(285, '031', 29, 'main'),
(286, '031', 6, 'mandatory'),
(287, '031', 22, 'optional'),
(288, '031', 14, 'optional'),
(289, '031', 21, 'optional'),
(290, '031', 3, 'optional'),
(291, '031', 19, 'optional'),
(292, '031', 18, 'optional'),
(293, '032', 29, 'main'),
(294, '032', 6, 'mandatory'),
(295, '032', 18, 'optional'),
(296, '032', 19, 'optional'),
(297, '032', 3, 'optional'),
(298, '032', 21, 'optional'),
(299, '032', 14, 'optional'),
(300, '032', 22, 'optional'),
(301, '033', 29, 'main'),
(302, '033', 6, 'mandatory'),
(303, '033', 22, 'optional'),
(304, '033', 14, 'optional'),
(305, '033', 21, 'optional'),
(306, '033', 3, 'optional'),
(307, '033', 19, 'optional'),
(308, '033', 18, 'optional'),
(309, '034', 29, 'main'),
(310, '034', 6, 'mandatory'),
(311, '034', 18, 'optional'),
(312, '034', 19, 'optional'),
(313, '034', 3, 'optional'),
(314, '034', 21, 'optional'),
(315, '034', 14, 'optional'),
(316, '034', 22, 'optional'),
(317, '035', 29, 'main'),
(318, '035', 3, 'mandatory'),
(319, '035', 22, 'optional'),
(320, '035', 14, 'optional'),
(321, '035', 6, 'optional'),
(322, '035', 21, 'optional'),
(323, '035', 19, 'optional'),
(324, '035', 18, 'optional'),
(325, '041', 29, 'main'),
(326, '041', 6, 'mandatory'),
(327, '041', 18, 'optional'),
(328, '041', 19, 'optional'),
(329, '041', 3, 'optional'),
(330, '041', 21, 'optional'),
(331, '041', 14, 'optional'),
(332, '041', 22, 'optional'),
(333, '051', 29, 'main'),
(334, '051', 14, 'mandatory'),
(335, '051', 22, 'optional'),
(336, '051', 6, 'optional'),
(337, '051', 21, 'optional'),
(338, '051', 3, 'optional'),
(339, '051', 19, 'optional'),
(340, '051', 18, 'optional'),
(341, '052', 29, 'main'),
(342, '052', 14, 'mandatory'),
(343, '052', 18, 'optional'),
(344, '052', 19, 'optional'),
(345, '052', 3, 'optional'),
(346, '052', 21, 'optional'),
(347, '052', 6, 'optional'),
(348, '052', 22, 'optional'),
(349, '053', 29, 'main'),
(350, '053', 14, 'mandatory'),
(351, '053', 22, 'optional'),
(352, '053', 6, 'optional'),
(353, '053', 21, 'optional'),
(354, '053', 3, 'optional'),
(355, '053', 19, 'optional'),
(356, '053', 18, 'optional'),
(357, '054', 29, 'main'),
(358, '054', 14, 'mandatory'),
(359, '054', 18, 'optional'),
(360, '054', 19, 'optional'),
(361, '054', 3, 'optional'),
(362, '054', 6, 'optional'),
(363, '054', 21, 'optional'),
(364, '054', 22, 'optional'),
(365, '061', 29, 'main'),
(366, '061', 14, 'mandatory'),
(367, '061', 22, 'optional'),
(368, '061', 21, 'optional'),
(369, '061', 6, 'optional'),
(370, '061', 3, 'optional'),
(371, '061', 19, 'optional'),
(372, '061', 18, 'optional'),
(373, '071', 29, 'main'),
(374, '071', 14, 'mandatory'),
(375, '071', 18, 'optional'),
(376, '071', 19, 'optional'),
(377, '071', 3, 'optional'),
(378, '071', 6, 'optional'),
(379, '071', 21, 'optional'),
(380, '071', 22, 'optional'),
(381, '072', 29, 'main'),
(382, '072', 14, 'mandatory'),
(383, '072', 22, 'optional'),
(384, '072', 21, 'optional'),
(385, '072', 6, 'optional'),
(386, '072', 3, 'optional'),
(387, '072', 19, 'optional'),
(388, '072', 18, 'optional'),
(389, '073', 29, 'main'),
(390, '073', 14, 'mandatory'),
(391, '073', 18, 'optional'),
(392, '073', 19, 'optional'),
(393, '073', 3, 'optional'),
(394, '073', 6, 'optional'),
(395, '073', 21, 'optional'),
(396, '073', 22, 'optional'),
(397, '075', 29, 'main'),
(398, '075', 14, 'mandatory'),
(399, '075', 22, 'optional'),
(400, '075', 21, 'optional'),
(401, '075', 6, 'optional'),
(402, '075', 3, 'optional'),
(403, '075', 19, 'optional'),
(404, '075', 18, 'optional'),
(405, '076', 29, 'main'),
(406, '076', 14, 'mandatory'),
(407, '076', 18, 'optional'),
(408, '076', 19, 'optional'),
(409, '076', 3, 'optional'),
(410, '076', 6, 'optional'),
(411, '076', 21, 'optional'),
(412, '076', 22, 'optional'),
(413, '081', 29, 'main'),
(414, '081', 6, 'mandatory'),
(415, '081', 14, 'optional'),
(416, '081', 3, 'optional'),
(417, '091', 1, 'main'),
(418, '091', 18, 'mandatory'),
(419, '091', 3, 'optional'),
(420, '091', 19, 'optional'),
(421, '091', 14, 'optional'),
(422, '091', 21, 'optional'),
(423, '091', 6, 'optional'),
(424, '091', 22, 'optional'),
(425, '101', 1, 'main'),
(426, '101', 18, 'mandatory'),
(427, '101', 22, 'optional'),
(428, '101', 6, 'optional'),
(429, '101', 21, 'optional'),
(430, '101', 14, 'optional'),
(431, '101', 19, 'optional'),
(432, '101', 3, 'optional'),
(433, '102', 1, 'main'),
(434, '102', 22, 'mandatory'),
(435, '102', 18, 'optional'),
(436, '102', 3, 'optional'),
(437, '102', 19, 'optional'),
(438, '102', 14, 'optional'),
(439, '102', 21, 'optional'),
(440, '102', 6, 'optional'),
(441, '103', 1, 'main'),
(442, '103', 14, 'mandatory'),
(443, '103', 6, 'optional'),
(444, '103', 21, 'optional'),
(445, '103', 22, 'optional'),
(446, '103', 19, 'optional'),
(447, '103', 3, 'optional'),
(448, '103', 18, 'optional'),
(449, '104', 1, 'main'),
(450, '104', 14, 'mandatory'),
(451, '104', 18, 'optional'),
(452, '104', 3, 'optional'),
(453, '104', 19, 'optional'),
(454, '104', 6, 'optional'),
(455, '104', 21, 'optional'),
(456, '104', 22, 'optional'),
(457, '105', 1, 'main'),
(458, '105', 14, 'mandatory'),
(459, '105', 22, 'optional'),
(460, '105', 21, 'optional'),
(461, '105', 6, 'optional'),
(462, '105', 19, 'optional'),
(463, '105', 3, 'optional'),
(464, '105', 18, 'optional'),
(465, '106', 1, 'main'),
(466, '106', 19, 'mandatory'),
(467, '106', 22, 'optional'),
(468, '106', 21, 'optional'),
(469, '106', 14, 'optional'),
(470, '106', 6, 'optional'),
(471, '106', 3, 'optional'),
(472, '106', 18, 'optional'),
(473, '111', 1, 'main'),
(474, '111', 14, 'mandatory'),
(475, '111', 3, 'optional'),
(476, '111', 19, 'optional'),
(477, '111', 18, 'optional'),
(478, '111', 6, 'optional'),
(479, '111', 21, 'optional'),
(480, '111', 22, 'optional'),
(481, '112', 1, 'main'),
(482, '112', 14, 'mandatory'),
(483, '112', 22, 'optional'),
(484, '112', 21, 'optional'),
(485, '112', 6, 'optional'),
(486, '112', 18, 'optional'),
(487, '112', 19, 'optional'),
(488, '112', 3, 'optional'),
(489, '113', 1, 'main'),
(490, '113', 14, 'mandatory'),
(491, '113', 3, 'optional'),
(492, '113', 19, 'optional'),
(493, '113', 18, 'optional'),
(494, '113', 6, 'optional'),
(495, '113', 21, 'optional'),
(496, '113', 22, 'optional'),
(497, '121', 1, 'main'),
(498, '121', 14, 'mandatory'),
(499, '121', 22, 'optional'),
(500, '121', 21, 'optional'),
(501, '121', 6, 'optional'),
(502, '121', 18, 'optional'),
(503, '121', 19, 'optional'),
(504, '121', 3, 'optional'),
(505, '122', 1, 'main'),
(506, '122', 14, 'mandatory'),
(507, '122', 6, 'optional'),
(508, '122', 22, 'optional'),
(509, '122', 21, 'optional'),
(510, '122', 3, 'optional'),
(511, '122', 18, 'optional'),
(512, '122', 19, 'optional'),
(513, '123', 1, 'main'),
(514, '123', 14, 'mandatory'),
(515, '123', 3, 'optional'),
(516, '123', 19, 'optional'),
(517, '123', 18, 'optional'),
(518, '123', 6, 'optional'),
(519, '123', 21, 'optional'),
(520, '123', 22, 'optional'),
(521, '124', 1, 'main'),
(522, '124', 14, 'mandatory'),
(523, '124', 22, 'optional'),
(524, '124', 21, 'optional'),
(525, '124', 6, 'optional'),
(526, '124', 18, 'optional'),
(527, '124', 19, 'optional'),
(528, '124', 3, 'optional'),
(529, '125', 1, 'main'),
(530, '125', 14, 'mandatory'),
(531, '125', 3, 'optional'),
(532, '125', 19, 'optional'),
(533, '125', 18, 'optional'),
(534, '125', 6, 'optional'),
(535, '125', 21, 'optional'),
(536, '125', 22, 'optional'),
(537, '126', 1, 'main'),
(538, '126', 14, 'mandatory'),
(539, '126', 3, 'optional'),
(540, '126', 18, 'optional'),
(541, '126', 19, 'optional'),
(542, '126', 6, 'optional'),
(543, '126', 21, 'optional'),
(544, '126', 22, 'optional'),
(545, '131', 1, 'main'),
(546, '131', 14, 'mandatory'),
(547, '131', 22, 'optional'),
(548, '131', 21, 'optional'),
(549, '131', 6, 'optional'),
(550, '131', 18, 'optional'),
(551, '131', 19, 'optional'),
(552, '131', 3, 'optional'),
(553, '132', 1, 'main'),
(554, '132', 14, 'mandatory'),
(555, '132', 3, 'optional'),
(556, '132', 19, 'optional'),
(557, '132', 18, 'optional'),
(558, '132', 6, 'optional'),
(559, '132', 21, 'optional'),
(560, '132', 22, 'optional'),
(561, '133', 1, 'main'),
(562, '133', 14, 'mandatory'),
(563, '133', 22, 'optional'),
(564, '133', 21, 'optional'),
(565, '133', 6, 'optional'),
(566, '133', 18, 'optional'),
(567, '133', 19, 'optional'),
(568, '133', 3, 'optional'),
(569, '134', 1, 'main'),
(570, '134', 14, 'mandatory'),
(571, '134', 3, 'optional'),
(572, '134', 19, 'optional'),
(573, '134', 18, 'optional'),
(574, '134', 6, 'optional'),
(575, '134', 21, 'optional'),
(576, '134', 22, 'optional'),
(577, '135', 1, 'main'),
(578, '135', 14, 'mandatory'),
(579, '135', 22, 'optional'),
(580, '135', 21, 'optional'),
(581, '135', 6, 'optional'),
(582, '135', 18, 'optional'),
(583, '135', 19, 'optional'),
(584, '135', 3, 'optional'),
(585, '136', 1, 'main'),
(586, '136', 14, 'mandatory'),
(587, '136', 3, 'optional'),
(588, '136', 19, 'optional'),
(589, '136', 18, 'optional'),
(590, '136', 6, 'optional'),
(591, '136', 21, 'optional'),
(592, '136', 22, 'optional'),
(593, '141', 1, 'main'),
(594, '141', 14, 'mandatory'),
(595, '141', 22, 'optional'),
(596, '141', 21, 'optional'),
(597, '141', 6, 'optional'),
(598, '141', 18, 'optional'),
(599, '141', 19, 'optional'),
(600, '141', 3, 'optional'),
(601, '142', 1, 'main'),
(602, '142', 14, 'mandatory'),
(603, '142', 3, 'optional'),
(604, '142', 19, 'optional'),
(605, '142', 18, 'optional'),
(606, '142', 6, 'optional'),
(607, '142', 21, 'optional'),
(608, '142', 22, 'optional'),
(609, '143', 1, 'main'),
(610, '143', 14, 'mandatory'),
(611, '143', 22, 'optional'),
(612, '143', 21, 'optional'),
(613, '143', 6, 'optional'),
(614, '143', 18, 'optional'),
(615, '143', 19, 'optional'),
(616, '143', 3, 'optional'),
(617, '144', 1, 'main'),
(618, '144', 14, 'mandatory'),
(619, '144', 3, 'optional'),
(620, '144', 19, 'optional'),
(621, '144', 18, 'optional'),
(622, '144', 6, 'optional'),
(623, '144', 21, 'optional'),
(624, '144', 22, 'optional'),
(625, '145', 1, 'main'),
(626, '145', 14, 'mandatory'),
(627, '145', 22, 'optional'),
(628, '145', 21, 'optional'),
(629, '145', 6, 'optional'),
(630, '145', 18, 'optional'),
(631, '145', 19, 'optional'),
(632, '145', 3, 'optional'),
(633, '151', 1, 'main'),
(634, '151', 14, 'mandatory'),
(635, '151', 3, 'optional'),
(636, '151', 19, 'optional'),
(637, '151', 18, 'optional'),
(638, '151', 6, 'optional'),
(639, '151', 21, 'optional'),
(640, '151', 22, 'optional'),
(641, '152', 1, 'main'),
(642, '152', 14, 'mandatory'),
(643, '152', 22, 'optional'),
(644, '152', 21, 'optional'),
(645, '152', 6, 'optional'),
(646, '152', 18, 'optional'),
(647, '152', 19, 'optional'),
(648, '152', 3, 'optional'),
(649, '153', 1, 'main'),
(650, '153', 14, 'mandatory'),
(651, '153', 3, 'optional'),
(652, '153', 19, 'optional'),
(653, '153', 18, 'optional'),
(654, '153', 6, 'optional'),
(655, '153', 21, 'optional'),
(656, '153', 22, 'optional'),
(657, '161', 1, 'main'),
(658, '161', 14, 'mandatory'),
(659, '161', 22, 'optional'),
(660, '161', 21, 'optional'),
(661, '161', 6, 'optional'),
(662, '161', 18, 'optional'),
(663, '161', 19, 'optional'),
(664, '161', 3, 'optional'),
(665, '162', 1, 'main'),
(666, '162', 18, 'mandatory'),
(667, '162', 3, 'optional'),
(668, '162', 19, 'optional'),
(669, '162', 6, 'optional'),
(670, '162', 14, 'optional'),
(671, '162', 21, 'optional'),
(672, '162', 22, 'optional'),
(673, '163', 1, 'main'),
(674, '163', 18, 'mandatory'),
(675, '163', 22, 'optional'),
(676, '163', 21, 'optional'),
(677, '163', 14, 'optional'),
(678, '163', 6, 'optional'),
(679, '163', 19, 'optional'),
(680, '163', 3, 'optional'),
(681, '171', 1, 'main'),
(682, '171', 14, 'mandatory'),
(683, '171', 3, 'optional'),
(684, '171', 19, 'optional'),
(685, '171', 18, 'optional'),
(686, '171', 6, 'optional'),
(687, '171', 21, 'optional'),
(688, '171', 22, 'optional'),
(689, '172', 1, 'main'),
(690, '172', 14, 'mandatory'),
(691, '172', 22, 'optional'),
(692, '172', 21, 'optional'),
(693, '172', 6, 'optional'),
(694, '172', 18, 'optional'),
(695, '172', 19, 'optional'),
(696, '172', 3, 'optional'),
(697, '173', 1, 'main'),
(698, '173', 14, 'mandatory'),
(699, '173', 3, 'optional'),
(700, '173', 19, 'optional'),
(701, '173', 18, 'optional'),
(702, '173', 6, 'optional'),
(703, '173', 21, 'optional'),
(704, '173', 22, 'optional'),
(705, '181', 1, 'main'),
(706, '181', 14, 'mandatory'),
(707, '181', 22, 'optional'),
(708, '181', 21, 'optional'),
(709, '181', 6, 'optional'),
(710, '181', 18, 'optional'),
(711, '181', 19, 'optional'),
(712, '181', 3, 'optional'),
(713, '182', 1, 'main'),
(714, '182', 14, 'mandatory'),
(715, '182', 3, 'optional'),
(716, '182', 19, 'optional'),
(717, '182', 18, 'optional'),
(718, '182', 6, 'optional'),
(719, '182', 21, 'optional'),
(720, '182', 22, 'optional'),
(721, '183', 1, 'main'),
(722, '183', 14, 'mandatory'),
(723, '183', 21, 'optional'),
(724, '183', 22, 'optional'),
(725, '183', 6, 'optional'),
(726, '183', 18, 'optional'),
(727, '183', 19, 'optional'),
(728, '183', 3, 'optional'),
(729, '184', 1, 'main'),
(730, '184', 14, 'mandatory'),
(731, '184', 3, 'optional'),
(732, '184', 6, 'optional'),
(733, '184', 19, 'optional'),
(734, '184', 18, 'optional'),
(735, '184', 21, 'optional'),
(736, '184', 22, 'optional'),
(737, '185', 1, 'main'),
(738, '185', 14, 'mandatory'),
(739, '185', 21, 'optional'),
(740, '185', 22, 'optional'),
(741, '185', 18, 'optional'),
(742, '185', 19, 'optional'),
(743, '185', 6, 'optional'),
(744, '185', 3, 'optional'),
(745, '186', 1, 'main'),
(746, '186', 14, 'mandatory'),
(747, '186', 3, 'optional'),
(748, '186', 6, 'optional'),
(749, '186', 19, 'optional'),
(750, '186', 18, 'optional'),
(751, '186', 22, 'optional'),
(752, '186', 21, 'optional'),
(753, '187', 1, 'main'),
(754, '187', 14, 'mandatory'),
(755, '187', 21, 'optional'),
(756, '187', 22, 'optional'),
(757, '187', 19, 'optional'),
(758, '187', 18, 'optional'),
(759, '187', 6, 'optional'),
(760, '187', 3, 'optional'),
(761, '191', 29, 'main'),
(762, '191', 14, 'mandatory'),
(763, '191', 999, 'optional'),
(764, '192', 1, 'main'),
(765, '192', 14, 'mandatory'),
(766, '192', 18, 'optional'),
(767, '192', 19, 'optional'),
(768, '192', 6, 'optional'),
(769, '192', 3, 'optional'),
(770, '192', 21, 'optional'),
(771, '192', 22, 'optional'),
(772, '193', 1, 'main'),
(773, '193', 14, 'mandatory'),
(774, '193', 21, 'optional'),
(775, '193', 22, 'optional'),
(776, '193', 3, 'optional'),
(777, '193', 6, 'optional'),
(778, '193', 19, 'optional'),
(779, '193', 18, 'optional'),
(780, '194', 1, 'main'),
(781, '194', 14, 'mandatory'),
(782, '194', 3, 'optional'),
(783, '194', 6, 'optional'),
(784, '194', 18, 'optional'),
(785, '194', 19, 'optional'),
(786, '194', 21, 'optional'),
(787, '194', 22, 'optional'),
(788, '201', 1, 'main'),
(789, '201', 18, 'mandatory'),
(790, '201', 19, 'optional'),
(791, '201', 6, 'optional'),
(792, '201', 3, 'optional'),
(793, '201', 21, 'optional'),
(794, '201', 14, 'optional'),
(795, '201', 22, 'optional'),
(796, '202', 1, 'main'),
(797, '202', 18, 'mandatory'),
(798, '202', 14, 'optional'),
(799, '202', 21, 'optional'),
(800, '202', 22, 'optional'),
(801, '202', 3, 'optional'),
(802, '202', 6, 'optional'),
(803, '202', 19, 'optional'),
(804, '203', 1, 'main'),
(805, '203', 18, 'mandatory'),
(806, '203', 19, 'optional'),
(807, '203', 6, 'optional'),
(808, '203', 3, 'optional'),
(809, '203', 21, 'optional'),
(810, '203', 22, 'optional'),
(811, '203', 14, 'optional'),
(812, '204', 1, 'main'),
(813, '204', 18, 'mandatory'),
(814, '204', 14, 'optional'),
(815, '204', 22, 'optional'),
(816, '204', 21, 'optional'),
(817, '204', 3, 'optional'),
(818, '204', 6, 'optional'),
(819, '204', 19, 'optional'),
(820, '205', 1, 'main'),
(821, '205', 14, 'mandatory'),
(822, '205', 19, 'optional'),
(823, '205', 18, 'optional'),
(824, '205', 6, 'optional'),
(825, '205', 3, 'optional'),
(826, '205', 22, 'optional'),
(827, '205', 21, 'optional'),
(828, '206', 1, 'main'),
(829, '206', 14, 'mandatory'),
(830, '206', 22, 'optional'),
(831, '206', 21, 'optional'),
(832, '206', 3, 'optional'),
(833, '206', 6, 'optional'),
(834, '206', 18, 'optional'),
(835, '206', 19, 'optional'),
(836, '207', 1, 'main'),
(837, '207', 18, 'mandatory'),
(838, '207', 19, 'optional'),
(839, '207', 6, 'optional'),
(840, '207', 3, 'optional'),
(841, '207', 21, 'optional'),
(842, '207', 22, 'optional'),
(843, '207', 14, 'optional'),
(844, '208', 1, 'main'),
(845, '208', 14, 'mandatory'),
(846, '208', 22, 'optional'),
(847, '208', 21, 'optional'),
(848, '208', 3, 'optional'),
(849, '208', 6, 'optional'),
(850, '208', 19, 'optional'),
(851, '208', 18, 'optional'),
(852, '211', 1, 'main'),
(853, '211', 18, 'mandatory'),
(854, '211', 22, 'mandatory'),
(855, '211', 21, 'optional'),
(856, '211', 14, 'optional'),
(857, '212', 1, 'main'),
(858, '212', 22, 'mandatory'),
(859, '212', 18, 'mandatory'),
(860, '212', 14, 'optional'),
(861, '212', 21, 'optional'),
(862, '221', 1, 'main'),
(863, '221', 14, 'mandatory'),
(864, '221', 22, 'mandatory'),
(865, '221', 18, 'optional'),
(866, '221', 21, 'optional'),
(867, '222', 1, 'main'),
(868, '222', 22, 'mandatory'),
(869, '222', 14, 'mandatory'),
(870, '222', 21, 'optional'),
(871, '222', 18, 'optional'),
(872, '223', 1, 'main'),
(873, '223', 14, 'mandatory'),
(874, '223', 22, 'mandatory'),
(875, '223', 18, 'optional'),
(876, '223', 21, 'optional'),
(877, '224', 1, 'main'),
(878, '224', 22, 'mandatory'),
(879, '224', 14, 'mandatory'),
(880, '224', 21, 'optional'),
(881, '224', 18, 'optional'),
(882, '225', 1, 'main'),
(883, '225', 22, 'mandatory'),
(884, '225', 14, 'mandatory'),
(885, '225', 21, 'optional'),
(886, '225', 18, 'optional'),
(887, '226', 1, 'main'),
(888, '226', 14, 'mandatory'),
(889, '226', 22, 'mandatory'),
(890, '226', 18, 'optional'),
(891, '226', 21, 'optional'),
(892, '227', 1, 'main'),
(893, '227', 14, 'mandatory'),
(894, '227', 22, 'mandatory'),
(895, '227', 21, 'optional'),
(896, '227', 18, 'optional'),
(897, '228', 1, 'main'),
(898, '228', 22, 'mandatory'),
(899, '228', 14, 'mandatory'),
(900, '228', 21, 'optional'),
(901, '228', 18, 'optional'),
(902, '229', 1, 'main'),
(903, '229', 14, 'mandatory'),
(904, '229', 22, 'mandatory'),
(905, '229', 18, 'optional'),
(906, '229', 21, 'optional'),
(907, '231', 29, 'main'),
(908, '231', 14, 'mandatory'),
(909, '231', 22, 'optional'),
(910, '231', 18, 'optional'),
(911, '231', 19, 'optional'),
(912, '231', 6, 'optional'),
(913, '231', 3, 'optional'),
(914, '231', 21, 'optional'),
(915, '232', 29, 'main'),
(916, '232', 14, 'mandatory'),
(917, '232', 22, 'optional'),
(918, '232', 21, 'optional'),
(919, '232', 3, 'optional'),
(920, '232', 6, 'optional'),
(921, '232', 19, 'optional'),
(922, '232', 18, 'optional'),
(923, '241', 29, 'main'),
(924, '241', 3, 'mandatory'),
(925, '241', 18, 'optional'),
(926, '241', 19, 'optional'),
(927, '241', 6, 'optional'),
(928, '241', 21, 'optional'),
(929, '241', 22, 'optional'),
(930, '241', 14, 'optional'),
(931, '242', 29, 'main'),
(932, '242', 3, 'mandatory'),
(933, '242', 14, 'optional'),
(934, '242', 22, 'optional'),
(935, '242', 21, 'optional'),
(936, '242', 6, 'optional'),
(937, '242', 18, 'optional'),
(938, '242', 19, 'optional'),
(939, '251', 1, 'main'),
(940, '251', 3, 'mandatory'),
(941, '251', 18, 'mandatory'),
(942, '251', 19, 'mandatory'),
(943, '251', 14, 'mandatory'),
(944, '251', 6, 'mandatory'),
(945, '251', 22, 'mandatory'),
(946, '251', 21, 'mandatory'),
(947, '251', 19, 'optional'),
(948, '251', 18, 'optional'),
(949, '251', 6, 'optional'),
(950, '251', 3, 'optional'),
(951, '251', 21, 'optional'),
(952, '251', 22, 'optional'),
(953, '251', 14, 'optional'),
(954, '252', 29, 'main'),
(955, '253', 29, 'main'),
(956, '254', 29, 'main'),
(957, '255', 1, 'main'),
(958, '255', 14, 'mandatory'),
(959, '255', 21, 'optional'),
(960, '255', 3, 'optional'),
(961, '256', 1, 'main'),
(962, '256', 14, 'mandatory'),
(963, '256', 6, 'optional'),
(964, '256', 3, 'optional'),
(965, '261', 1, 'main'),
(966, '261', 14, 'mandatory'),
(967, '261', 18, 'optional'),
(968, '261', 21, 'optional'),
(969, '261', 22, 'optional'),
(970, '261', 999, 'optional'),
(971, '262', 1, 'main'),
(972, '262', 14, 'mandatory'),
(973, '262', 999, 'optional'),
(974, '262', 6, 'optional'),
(975, '262', 3, 'optional'),
(976, '263', 1, 'main'),
(977, '263', 14, 'mandatory'),
(978, '263', 3, 'optional'),
(979, '263', 18, 'optional'),
(980, '263', 22, 'optional'),
(981, '263', 21, 'optional'),
(982, '271', 29, 'main'),
(983, '272', 1, 'main'),
(984, '272', 14, 'mandatory'),
(985, '272', 3, 'optional'),
(986, '272', 21, 'optional'),
(987, '273', 1, 'main'),
(988, '273', 14, 'mandatory'),
(989, '273', 21, 'optional'),
(990, '273', 22, 'optional'),
(991, '273', 3, 'optional'),
(992, '273', 6, 'optional'),
(993, '273', 18, 'optional'),
(994, '273', 19, 'optional'),
(995, '274', 1, 'main'),
(996, '274', 14, 'mandatory'),
(997, '274', 19, 'optional'),
(998, '274', 18, 'optional'),
(999, '274', 6, 'optional'),
(1000, '274', 3, 'optional'),
(1001, '274', 22, 'optional'),
(1002, '274', 21, 'optional'),
(1003, '275', 1, 'main'),
(1004, '275', 14, 'mandatory'),
(1005, '275', 21, 'optional'),
(1006, '275', 22, 'optional'),
(1007, '275', 3, 'optional'),
(1008, '275', 6, 'optional'),
(1009, '275', 18, 'optional'),
(1010, '275', 19, 'optional'),
(1011, '281', 29, 'main'),
(1012, '281', 14, 'mandatory'),
(1013, '281', 19, 'optional'),
(1014, '281', 18, 'optional'),
(1015, '281', 6, 'optional'),
(1016, '281', 3, 'optional'),
(1017, '281', 21, 'optional'),
(1018, '281', 22, 'optional'),
(1019, '291', 29, 'main'),
(1020, '291', 3, 'mandatory'),
(1021, '291', 18, 'optional'),
(1022, '291', 19, 'optional'),
(1023, '291', 6, 'optional'),
(1024, '291', 21, 'optional'),
(1025, '291', 22, 'optional'),
(1026, '291', 14, 'optional'),
(1027, '292', 29, 'main'),
(1028, '292', 14, 'mandatory'),
(1029, '292', 22, 'optional'),
(1030, '292', 21, 'optional'),
(1031, '292', 3, 'optional'),
(1032, '292', 6, 'optional'),
(1033, '292', 18, 'optional'),
(1034, '292', 19, 'optional'),
(1035, '293', 29, 'main'),
(1036, '293', 3, 'mandatory'),
(1037, '293', 6, 'optional'),
(1038, '293', 14, 'optional');

-- --------------------------------------------------------

--
-- Table structure for table `subjects`
--

DROP TABLE IF EXISTS `subjects`;
CREATE TABLE `subjects` (
  `id` int NOT NULL,
  `name` varchar(255) CHARACTER SET utf8mb4 COLLATE utf8mb4_unicode_ci NOT NULL
) ENGINE=InnoDB DEFAULT CHARSET=utf8mb4 COLLATE=utf8mb4_unicode_ci;

--
-- Dumping data for table `subjects`
--

INSERT INTO `subjects` (`id`, `name`) VALUES
(1, 'Українська мова'),
(3, 'Іноземні мови'),
(6, 'Істроія України'),
(14, 'Математика'),
(18, 'Біологія'),
(19, 'Географія'),
(21, 'Фізика'),
(22, 'Хімія'),
(29, 'Українська мова та література'),
(999, 'Творчий конкурс');

-- --------------------------------------------------------

--
-- Table structure for table `universities`
--

DROP TABLE IF EXISTS `universities`;
CREATE TABLE `universities` (
  `id` int NOT NULL,
  `name` tinytext CHARACTER SET utf8mb4 COLLATE utf8mb4_unicode_ci NOT NULL,
  `city_id` int NOT NULL
) ENGINE=InnoDB DEFAULT CHARSET=utf8mb4 COLLATE=utf8mb4_unicode_ci;

--
-- Dumping data for table `universities`
--

INSERT INTO `universities` (`id`, `name`, `city_id`) VALUES
(16, 'Львівський торговельно-економічний університет', 1),
(97, 'Національний університет \"Львівська політехніка\"', 1),
(160, 'Державний вищий навчальний заклад \"Національний лісотехнічний університет України\"', 1),
(167, 'Українська академія друкарства', 1),
(244, 'Заклад вищої освіти “Український католицький університет”', 1),
(282, 'Львівський національний університет імені Івана Франка', 1);

--
-- Indexes for dumped tables
--

--
-- Indexes for table `cities`
--
ALTER TABLE `cities`
  ADD PRIMARY KEY (`id`);

--
-- Indexes for table `collaborators`
--
ALTER TABLE `collaborators`
  ADD PRIMARY KEY (`id`),
  ADD UNIQUE KEY `email` (`email`);

--
-- Indexes for table `faculties`
--
ALTER TABLE `faculties`
  ADD PRIMARY KEY (`id`),
  ADD KEY `university_id` (`university_id`),
  ADD KEY `speciality_code` (`speciality_code`);

--
-- Indexes for table `faculties_grade`
--
ALTER TABLE `faculties_grade`
  ADD PRIMARY KEY (`id`),
  ADD KEY `faculty_id` (`faculty_id`);

--
-- Indexes for table `specialities`
--
ALTER TABLE `specialities`
  ADD PRIMARY KEY (`id`),
  ADD UNIQUE KEY `code` (`code`);

--
-- Indexes for table `specialities_subjects`
--
ALTER TABLE `specialities_subjects`
  ADD PRIMARY KEY (`id`),
  ADD KEY `subject_id` (`subject_id`),
  ADD KEY `speciality_code` (`speciality_code`);

--
-- Indexes for table `subjects`
--
ALTER TABLE `subjects`
  ADD PRIMARY KEY (`id`);

--
-- Indexes for table `universities`
--
ALTER TABLE `universities`
  ADD PRIMARY KEY (`id`),
  ADD KEY `city_id` (`city_id`);

--
-- AUTO_INCREMENT for dumped tables
--

--
-- AUTO_INCREMENT for table `cities`
--
ALTER TABLE `cities`
  MODIFY `id` int NOT NULL AUTO_INCREMENT, AUTO_INCREMENT=2;

--
-- AUTO_INCREMENT for table `collaborators`
--
ALTER TABLE `collaborators`
  MODIFY `id` int NOT NULL AUTO_INCREMENT, AUTO_INCREMENT=8;

--
-- AUTO_INCREMENT for table `faculties`
--
ALTER TABLE `faculties`
  MODIFY `id` int NOT NULL AUTO_INCREMENT, AUTO_INCREMENT=869030;

--
-- AUTO_INCREMENT for table `faculties_grade`
--
ALTER TABLE `faculties_grade`
  MODIFY `id` int NOT NULL AUTO_INCREMENT;

--
-- AUTO_INCREMENT for table `specialities`
--
ALTER TABLE `specialities`
  MODIFY `id` int NOT NULL AUTO_INCREMENT, AUTO_INCREMENT=176;

--
-- AUTO_INCREMENT for table `specialities_subjects`
--
ALTER TABLE `specialities_subjects`
  MODIFY `id` int NOT NULL AUTO_INCREMENT, AUTO_INCREMENT=1039;

--
-- AUTO_INCREMENT for table `subjects`
--
ALTER TABLE `subjects`
  MODIFY `id` int NOT NULL AUTO_INCREMENT, AUTO_INCREMENT=6778;

--
-- AUTO_INCREMENT for table `universities`
--
ALTER TABLE `universities`
  MODIFY `id` int NOT NULL AUTO_INCREMENT, AUTO_INCREMENT=283;

--
-- Constraints for dumped tables
--

--
-- Constraints for table `faculties`
--
ALTER TABLE `faculties`
  ADD CONSTRAINT `faculties_ibfk_1` FOREIGN KEY (`university_id`) REFERENCES `universities` (`id`) ON DELETE RESTRICT ON UPDATE RESTRICT,
  ADD CONSTRAINT `faculties_ibfk_2` FOREIGN KEY (`speciality_code`) REFERENCES `specialities` (`code`) ON DELETE RESTRICT ON UPDATE RESTRICT;

--
-- Constraints for table `faculties_grade`
--
ALTER TABLE `faculties_grade`
  ADD CONSTRAINT `faculties_grade_ibfk_1` FOREIGN KEY (`faculty_id`) REFERENCES `faculties` (`id`) ON DELETE RESTRICT ON UPDATE RESTRICT;

--
-- Constraints for table `specialities_subjects`
--
ALTER TABLE `specialities_subjects`
  ADD CONSTRAINT `specialities_subjects_ibfk_2` FOREIGN KEY (`subject_id`) REFERENCES `subjects` (`id`) ON DELETE RESTRICT ON UPDATE RESTRICT,
  ADD CONSTRAINT `specialities_subjects_ibfk_3` FOREIGN KEY (`speciality_code`) REFERENCES `specialities` (`code`) ON DELETE RESTRICT ON UPDATE RESTRICT;

--
-- Constraints for table `universities`
--
ALTER TABLE `universities`
  ADD CONSTRAINT `universities_ibfk_1` FOREIGN KEY (`city_id`) REFERENCES `cities` (`id`) ON DELETE RESTRICT ON UPDATE RESTRICT;
COMMIT;

/*!40101 SET CHARACTER_SET_CLIENT=@OLD_CHARACTER_SET_CLIENT */;
/*!40101 SET CHARACTER_SET_RESULTS=@OLD_CHARACTER_SET_RESULTS */;
/*!40101 SET COLLATION_CONNECTION=@OLD_COLLATION_CONNECTION */;
