
INSERT INTO public.collaborators (id, name, email, role) VALUES (1, 'Stanislav Denysenko', 'lohopusik67@gmail.com', 'Frontend dev');
INSERT INTO public.collaborators (id, name, email, role) VALUES (2, 'Vitaliy Sevastyanov', 'vetal.sevastyanov@gmail.com', 'Frontend dev');
INSERT INTO public.collaborators (id, name, email, role) VALUES (3, 'Nazar Bylen', 'nazar.bylen.ir.2021@lpnu.ua', 'Backend dev');
INSERT INTO public.collaborators (id, name, email, role) VALUES (4, 'Orest Borshovskiy', 'oborshovskiy@gmail.com', 'Backend dev');
INSERT INTO public.collaborators (id, name, email, role) VALUES (5, 'Ihor Patko', 'patkoihor2004@gmail.com', 'Backend dev');
INSERT INTO public.collaborators (id, name, email, role) VALUES (6, 'Maksym Morochenets', 'maksmorroo@gmail.com', 'Backend dev');
INSERT INTO public.collaborators (id, name, email, role) VALUES (7, 'Ihor Byra', 'ihorbyra@gmail.com', 'Mentor');

INSERT INTO public.cities (id, name) VALUES (1, 'Львів');
INSERT INTO public.cities (id, name) VALUES (2, 'Київ');

INSERT INTO public.subjects (id, name) VALUES (1, 'Українська мова');
INSERT INTO public.subjects (id, name) VALUES (3, 'Іноземні мови');
INSERT INTO public.subjects (id, name) VALUES (6, 'Істроія України');
INSERT INTO public.subjects (id, name) VALUES (14, 'Математика');
INSERT INTO public.subjects (id, name) VALUES (18, 'Біологія');
INSERT INTO public.subjects (id, name) VALUES (19, 'Географія');
INSERT INTO public.subjects (id, name) VALUES (21, 'Фізика');
INSERT INTO public.subjects (id, name) VALUES (22, 'Хімія');
INSERT INTO public.subjects (id, name) VALUES (29, 'Українська мова та література');
INSERT INTO public.subjects (id, name) VALUES (999, 'Творчий конкурс');


INSERT INTO public.universities (id, name, city_id) VALUES (16, 'Львівський торговельно-економічний університет', 1);
INSERT INTO public.universities (id, name, city_id) VALUES (97, 'Національний університет "Львівська політехніка"', 1);
INSERT INTO public.universities (id, name, city_id) VALUES (160, 'Державний вищий навчальний заклад "Національний лісотехнічний університет України"', 1);
INSERT INTO public.universities (id, name, city_id) VALUES (167, 'Українська академія друкарства', 1);
INSERT INTO public.universities (id, name, city_id) VALUES (244, 'Заклад вищої освіти "Український католицький університет"', 1);
INSERT INTO public.universities (id, name, city_id) VALUES (282, 'Львівський національний університет імені Івана Франка', 1);
INSERT INTO public.universities (id, name, city_id) VALUES (41, 'Київський національний університет імені Тараса Шевченка', 2);

INSERT INTO public.specialities (code, name, parent) VALUES ('011', 'Освітні, педагогічні науки', 0);
INSERT INTO public.specialities (code, name, parent) VALUES ('012', 'Дошкільна освіта', 0);
INSERT INTO public.specialities (code, name, parent) VALUES ('013', 'Початкова освіта', 0);
INSERT INTO public.specialities (code, name, parent) VALUES ('014', 'Середня освіта', 0);
INSERT INTO public.specialities (code, name, parent) VALUES ('014.01', 'Українська мова і література', 0);
INSERT INTO public.specialities (code, name, parent) VALUES ('014.021', 'Англійська мова і література', 0);
INSERT INTO public.specialities (code, name, parent) VALUES ('014.022', 'Німецька мова і література', 0);
INSERT INTO public.specialities (code, name, parent) VALUES ('014.023', 'Французька мова і література', 0);
INSERT INTO public.specialities (code, name, parent) VALUES ('014.024', 'Іспанська мова і література', 0);
INSERT INTO public.specialities (code, name, parent) VALUES ('014.025', 'Російська мова і література', 0);
INSERT INTO public.specialities (code, name, parent) VALUES ('014.026', 'Угорська мова і література', 0);
INSERT INTO public.specialities (code, name, parent) VALUES ('014.027', 'Румунська/молдовська мова і література', 0);
INSERT INTO public.specialities (code, name, parent) VALUES ('014.028', 'Польська мова і література', 0);
INSERT INTO public.specialities (code, name, parent) VALUES ('014.029', 'Інші мови (із зазначенням мови)', 0);
INSERT INTO public.specialities (code, name, parent) VALUES ('014.03', 'Історія', 0);
INSERT INTO public.specialities (code, name, parent) VALUES ('014.04', 'Математика', 0);
INSERT INTO public.specialities (code, name, parent) VALUES ('014.05', 'Біологія та здоров’я людини', 0);
INSERT INTO public.specialities (code, name, parent) VALUES ('014.06', 'Хімія', 0);
INSERT INTO public.specialities (code, name, parent) VALUES ('014.07', 'Географія', 0);
INSERT INTO public.specialities (code, name, parent) VALUES ('014.08', 'Фізика', 0);
INSERT INTO public.specialities (code, name, parent) VALUES ('014.09', 'Інформатика', 0);
INSERT INTO public.specialities (code, name, parent) VALUES ('014.10', 'Трудове навчання та технології', 0);
INSERT INTO public.specialities (code, name, parent) VALUES ('014.11', 'Фізична культура', 0);
INSERT INTO public.specialities (code, name, parent) VALUES ('014.12', 'Образотворче мистецтво', 0);
INSERT INTO public.specialities (code, name, parent) VALUES ('014.13', 'Музичне мистецтво', 0);
INSERT INTO public.specialities (code, name, parent) VALUES ('014.15', 'Природничі науки', 0);
INSERT INTO public.specialities (code, name, parent) VALUES ('015', 'Професійна освіта', 0);
INSERT INTO public.specialities (code, name, parent) VALUES ('015.31', 'Будівництво та зварювання', 0);
INSERT INTO public.specialities (code, name, parent) VALUES ('015.32', 'Електроніка, метрологія та радіотелекомунікації', 0);
INSERT INTO public.specialities (code, name, parent) VALUES ('015.33', 'Енергетика, електротехніка та електромеханіка', 0);
INSERT INTO public.specialities (code, name, parent) VALUES ('015.34', 'Машинобудування', 0);
INSERT INTO public.specialities (code, name, parent) VALUES ('015.35', 'Видобуток, переробка та транспортування корисних копалин', 0);
INSERT INTO public.specialities (code, name, parent) VALUES ('015.36', 'Технологія виробів легкої промисловості', 0);
INSERT INTO public.specialities (code, name, parent) VALUES ('015.37', 'Аграрне виробництво, переробка сільськогосподарської продукції та харчові технології', 0);
INSERT INTO public.specialities (code, name, parent) VALUES ('015.38', 'Транспорт', 0);
INSERT INTO public.specialities (code, name, parent) VALUES ('015.39', 'Цифрові технології', 0);
INSERT INTO public.specialities (code, name, parent) VALUES ('016', 'Спеціальна освіта', 0);
INSERT INTO public.specialities (code, name, parent) VALUES ('016.01', 'Логопедія', 0);
INSERT INTO public.specialities (code, name, parent) VALUES ('016.02', 'Олігофренопедагогіка', 0);
INSERT INTO public.specialities (code, name, parent) VALUES ('016.03', 'Ортопедагогіка', 0);
INSERT INTO public.specialities (code, name, parent) VALUES ('016.04', 'Сурдопедагогіка', 0);
INSERT INTO public.specialities (code, name, parent) VALUES ('016.05', 'Тифлопедагогіка', 0);
INSERT INTO public.specialities (code, name, parent) VALUES ('017', 'Фізична культура і спорт', 0);
INSERT INTO public.specialities (code, name, parent) VALUES ('021', 'Аудіовізуальне мистецтво та виробництво', 0);
INSERT INTO public.specialities (code, name, parent) VALUES ('022', 'Дизайн', 0);
INSERT INTO public.specialities (code, name, parent) VALUES ('022.01', 'Графічний дизайн', 0);
INSERT INTO public.specialities (code, name, parent) VALUES ('022.02', 'Дизайн одягу (взуття)', 0);
INSERT INTO public.specialities (code, name, parent) VALUES ('022.03', 'Дизайн середовища', 0);
INSERT INTO public.specialities (code, name, parent) VALUES ('022.04', 'Промисловий дизайн', 0);
INSERT INTO public.specialities (code, name, parent) VALUES ('022.05', 'Перукарське мистецтво та декоративна косметика', 0);
INSERT INTO public.specialities (code, name, parent) VALUES ('023', 'Образотворче мистецтво, декоративне мистецтво, реставрація', 0);
INSERT INTO public.specialities (code, name, parent) VALUES ('024', 'Хореографія', 0);
INSERT INTO public.specialities (code, name, parent) VALUES ('025', 'Музичне мистецтво', 0);
INSERT INTO public.specialities (code, name, parent) VALUES ('026', 'Сценічне мистецтво', 0);
INSERT INTO public.specialities (code, name, parent) VALUES ('027', 'Музеєзнавство, пам’яткознавство', 0);
INSERT INTO public.specialities (code, name, parent) VALUES ('028', 'Менеджмент соціокультурної діяльності', 0);
INSERT INTO public.specialities (code, name, parent) VALUES ('029', 'Інформаційна, бібліотечна та архівна справа', 0);
INSERT INTO public.specialities (code, name, parent) VALUES ('031', 'Релігієзнавство', 0);
INSERT INTO public.specialities (code, name, parent) VALUES ('032', 'Історія та археологія', 0);
INSERT INTO public.specialities (code, name, parent) VALUES ('033', 'Філософія', 0);
INSERT INTO public.specialities (code, name, parent) VALUES ('034', 'Культурологія', 0);
INSERT INTO public.specialities (code, name, parent) VALUES ('035', 'Філологія', 0);
INSERT INTO public.specialities (code, name, parent) VALUES ('035.01', 'українська мова та література', 0);
INSERT INTO public.specialities (code, name, parent) VALUES ('035.02', 'кримськотатарська мова та література', 0);
INSERT INTO public.specialities (code, name, parent) VALUES ('035.032', 'слов’янські мови та літератури (переклад включно), перша - болгарська', 0);
INSERT INTO public.specialities (code, name, parent) VALUES ('035.033', 'слов’янські мови та літератури (переклад включно), перша - польська', 0);
INSERT INTO public.specialities (code, name, parent) VALUES ('035.034', 'слов’янські мови та літератури (переклад включно), перша - російська', 0);
INSERT INTO public.specialities (code, name, parent) VALUES ('035.035', 'слов’янські мови та літератури (переклад включно), перша - сербська', 0);
INSERT INTO public.specialities (code, name, parent) VALUES ('035.036', 'слов’янські мови та літератури (переклад включно), перша - словацька', 0);
INSERT INTO public.specialities (code, name, parent) VALUES ('035.037', 'слов’янські мови та літератури (переклад включно), перша - хорватська', 0);
INSERT INTO public.specialities (code, name, parent) VALUES ('035.038', 'слов’янські мови та літератури (переклад включно), перша - чеська', 0);
INSERT INTO public.specialities (code, name, parent) VALUES ('035.041', 'германські мови та літератури (переклад включно), перша - англійська', 0);
INSERT INTO public.specialities (code, name, parent) VALUES ('035.043', 'германські мови та літератури (переклад включно), перша - німецька', 0);
INSERT INTO public.specialities (code, name, parent) VALUES ('035.044', 'германські мови та літератури (переклад включно), перша - шведська', 0);
INSERT INTO public.specialities (code, name, parent) VALUES ('035.051', 'романські мови та літератури (переклад включно), перша - іспанська', 0);
INSERT INTO public.specialities (code, name, parent) VALUES ('035.052', 'романські мови та літератури (переклад включно), перша - італійська', 0);
INSERT INTO public.specialities (code, name, parent) VALUES ('035.053', 'романські мови та літератури (переклад включно), перша - португальська', 0);
INSERT INTO public.specialities (code, name, parent) VALUES ('035.054', 'романські мови та літератури (переклад включно), перша - румунська', 0);
INSERT INTO public.specialities (code, name, parent) VALUES ('035.055', 'романські мови та літератури (переклад включно), перша - французька', 0);
INSERT INTO public.specialities (code, name, parent) VALUES ('035.060', 'східні мови та літератури (переклад включно), перша - арабська', 0);
INSERT INTO public.specialities (code, name, parent) VALUES ('035.061', 'східні мови та літератури (переклад включно), перша - в’єтнамська', 0);
INSERT INTO public.specialities (code, name, parent) VALUES ('035.062', 'східні мови та літератури (переклад включно), перша - ґінді', 0);
INSERT INTO public.specialities (code, name, parent) VALUES ('035.063', 'східні мови та літератури (переклад включно), перша - іврит', 0);
INSERT INTO public.specialities (code, name, parent) VALUES ('035.064', 'східні мови та літератури (переклад включно), перша - індонезійська', 0);
INSERT INTO public.specialities (code, name, parent) VALUES ('035.065', 'східні мови та літератури (переклад включно), перша - китайська', 0);
INSERT INTO public.specialities (code, name, parent) VALUES ('035.066', 'східні мови та літератури (переклад включно), перша - корейська', 0);
INSERT INTO public.specialities (code, name, parent) VALUES ('035.067', 'східні мови та літератури (переклад включно), перша - перська', 0);
INSERT INTO public.specialities (code, name, parent) VALUES ('035.068', 'східні мови та літератури (переклад включно), перша - турецька', 0);
INSERT INTO public.specialities (code, name, parent) VALUES ('035.069', 'східні мови та літератури (переклад включно), перша - японська', 0);
INSERT INTO public.specialities (code, name, parent) VALUES ('035.071', 'угро-фінські мови та літератури (переклад включно), перша - угорська', 0);
INSERT INTO public.specialities (code, name, parent) VALUES ('035.08', 'класичні мови та літератури (переклад включно)', 0);
INSERT INTO public.specialities (code, name, parent) VALUES ('035.081', 'новогрецька мова і література (переклад включно)', 0);
INSERT INTO public.specialities (code, name, parent) VALUES ('035.09', 'фольклористика', 0);
INSERT INTO public.specialities (code, name, parent) VALUES ('035.10', 'прикладна лінгвістика', 0);
INSERT INTO public.specialities (code, name, parent) VALUES ('041', 'Богослов’я', 0);
INSERT INTO public.specialities (code, name, parent) VALUES ('051', 'Економіка', 0);
INSERT INTO public.specialities (code, name, parent) VALUES ('052', 'Політологія', 0);
INSERT INTO public.specialities (code, name, parent) VALUES ('053', 'Психологія', 0);
INSERT INTO public.specialities (code, name, parent) VALUES ('054', 'Соціологія', 0);
INSERT INTO public.specialities (code, name, parent) VALUES ('061', 'Журналістика', 0);
INSERT INTO public.specialities (code, name, parent) VALUES ('071', 'Облік і оподаткування', 0);
INSERT INTO public.specialities (code, name, parent) VALUES ('072', 'Фінанси, банківська справа та страхування', 0);
INSERT INTO public.specialities (code, name, parent) VALUES ('073', 'Менеджмент', 0);
INSERT INTO public.specialities (code, name, parent) VALUES ('075', 'Маркетинг', 0);
INSERT INTO public.specialities (code, name, parent) VALUES ('076', 'Підприємництво, торгівля та біржова діяльність', 0);
INSERT INTO public.specialities (code, name, parent) VALUES ('081', 'Право', 0);
INSERT INTO public.specialities (code, name, parent) VALUES ('091', 'Біологія', 0);
INSERT INTO public.specialities (code, name, parent) VALUES ('101', 'Екологія', 0);
INSERT INTO public.specialities (code, name, parent) VALUES ('102', 'Хімія', 0);
INSERT INTO public.specialities (code, name, parent) VALUES ('103', 'Науки про Землю', 0);
INSERT INTO public.specialities (code, name, parent) VALUES ('104', 'Фізика та астрономія', 0);
INSERT INTO public.specialities (code, name, parent) VALUES ('105', 'Прикладна фізика та наноматеріали', 0);
INSERT INTO public.specialities (code, name, parent) VALUES ('106', 'Географія', 0);
INSERT INTO public.specialities (code, name, parent) VALUES ('111', 'Математика', 0);
INSERT INTO public.specialities (code, name, parent) VALUES ('112', 'Статистика', 0);
INSERT INTO public.specialities (code, name, parent) VALUES ('113', 'Прикладна математика', 0);
INSERT INTO public.specialities (code, name, parent) VALUES ('121', 'Інженерія програмного забезпечення', 0);
INSERT INTO public.specialities (code, name, parent) VALUES ('122', 'Комп''ютерні науки', 0);
INSERT INTO public.specialities (code, name, parent) VALUES ('123', 'Комп’ютерна інженерія', 0);
INSERT INTO public.specialities (code, name, parent) VALUES ('124', 'Системний аналіз', 0);
INSERT INTO public.specialities (code, name, parent) VALUES ('125', 'Кібербезпека', 0);
INSERT INTO public.specialities (code, name, parent) VALUES ('126', 'Інформаційні системи та технології', 0);
INSERT INTO public.specialities (code, name, parent) VALUES ('131', 'Прикладна механіка', 0);
INSERT INTO public.specialities (code, name, parent) VALUES ('132', 'Матеріалознавство', 0);
INSERT INTO public.specialities (code, name, parent) VALUES ('133', 'Галузеве машинобудування', 0);
INSERT INTO public.specialities (code, name, parent) VALUES ('134', 'Авіаційна та ракетно-космічна техніка', 0);
INSERT INTO public.specialities (code, name, parent) VALUES ('135', 'Суднобудування', 0);
INSERT INTO public.specialities (code, name, parent) VALUES ('136', 'Металургія', 0);
INSERT INTO public.specialities (code, name, parent) VALUES ('141', 'Електроенергетика, електротехніка та електромеханіка', 0);
INSERT INTO public.specialities (code, name, parent) VALUES ('142', 'Енергетичне машинобудування', 0);
INSERT INTO public.specialities (code, name, parent) VALUES ('143', 'Атомна енергетика', 0);
INSERT INTO public.specialities (code, name, parent) VALUES ('144', 'Теплоенергетика', 0);
INSERT INTO public.specialities (code, name, parent) VALUES ('145', 'Гідроенергетика', 0);
INSERT INTO public.specialities (code, name, parent) VALUES ('151', 'Автоматизація та комп’ютерно-інтегровані технології', 0);
INSERT INTO public.specialities (code, name, parent) VALUES ('152', 'Метрологія та інформаційно-вимірювальна техніка', 0);
INSERT INTO public.specialities (code, name, parent) VALUES ('153', 'Мікро- та наносистемна техніка', 0);
INSERT INTO public.specialities (code, name, parent) VALUES ('161', 'Хімічні технології та інженерія', 0);
INSERT INTO public.specialities (code, name, parent) VALUES ('162', 'Біотехнології та біоінженерія', 0);
INSERT INTO public.specialities (code, name, parent) VALUES ('163', 'Біомедична інженерія', 0);
INSERT INTO public.specialities (code, name, parent) VALUES ('171', 'Електроніка', 0);
INSERT INTO public.specialities (code, name, parent) VALUES ('172', 'Телекомунікації та радіотехніка', 0);
INSERT INTO public.specialities (code, name, parent) VALUES ('173', 'Авіоніка', 0);
INSERT INTO public.specialities (code, name, parent) VALUES ('181', 'Харчові технології', 0);
INSERT INTO public.specialities (code, name, parent) VALUES ('182', 'Технології легкої промисловості', 0);
INSERT INTO public.specialities (code, name, parent) VALUES ('183', 'Технології захисту навколишнього середовища', 0);
INSERT INTO public.specialities (code, name, parent) VALUES ('184', 'Гірництво', 0);
INSERT INTO public.specialities (code, name, parent) VALUES ('185', 'Нафтогазова інженерія та технології', 0);
INSERT INTO public.specialities (code, name, parent) VALUES ('186', 'Видавництво та поліграфія', 0);
INSERT INTO public.specialities (code, name, parent) VALUES ('187', 'Деревообробні та меблеві технології', 0);
INSERT INTO public.specialities (code, name, parent) VALUES ('191', 'Архітектура та містобудування', 0);
INSERT INTO public.specialities (code, name, parent) VALUES ('192', 'Будівництво та цивільна інженерія', 0);
INSERT INTO public.specialities (code, name, parent) VALUES ('193', 'Геодезія та землеустрій', 0);
INSERT INTO public.specialities (code, name, parent) VALUES ('194', 'Гідротехнічне будівництво, водна інженерія та водні технології', 0);
INSERT INTO public.specialities (code, name, parent) VALUES ('201', 'Агрономія', 0);
INSERT INTO public.specialities (code, name, parent) VALUES ('202', 'Захист і карантин рослин', 0);
INSERT INTO public.specialities (code, name, parent) VALUES ('203', 'Садівництво та виноградарство', 0);
INSERT INTO public.specialities (code, name, parent) VALUES ('204', 'Технологія виробництва і переробки продукції тваринництва', 0);
INSERT INTO public.specialities (code, name, parent) VALUES ('205', 'Лісове господарство', 0);
INSERT INTO public.specialities (code, name, parent) VALUES ('206', 'Садово-паркове господарство', 0);
INSERT INTO public.specialities (code, name, parent) VALUES ('207', 'Водні біоресурси та аквакультура', 0);
INSERT INTO public.specialities (code, name, parent) VALUES ('208', 'Агроінженерія', 0);
INSERT INTO public.specialities (code, name, parent) VALUES ('211', 'Ветеринарна медицина', 0);
INSERT INTO public.specialities (code, name, parent) VALUES ('212', 'Ветеринарна гігієна, санітарія і експертиза', 0);
INSERT INTO public.specialities (code, name, parent) VALUES ('221', 'Стоматологія', 0);
INSERT INTO public.specialities (code, name, parent) VALUES ('222', 'Медицина', 0);
INSERT INTO public.specialities (code, name, parent) VALUES ('223', 'Медсестринство', 0);
INSERT INTO public.specialities (code, name, parent) VALUES ('224', 'Технології медичної діагностики та лікування', 0);
INSERT INTO public.specialities (code, name, parent) VALUES ('225', 'Медична психологія', 0);
INSERT INTO public.specialities (code, name, parent) VALUES ('226', 'Фармація, промислова фармація', 0);
INSERT INTO public.specialities (code, name, parent) VALUES ('227', 'Фізична терапія, ерготерапія', 0);
INSERT INTO public.specialities (code, name, parent) VALUES ('227.01', 'Фізична терапія', 0);
INSERT INTO public.specialities (code, name, parent) VALUES ('227.02', 'Ерготерапія', 0);
INSERT INTO public.specialities (code, name, parent) VALUES ('228', 'Педіатрія', 0);
INSERT INTO public.specialities (code, name, parent) VALUES ('229', 'Громадське здоров`я', 0);
INSERT INTO public.specialities (code, name, parent) VALUES ('231', 'Соціальна робота', 0);
INSERT INTO public.specialities (code, name, parent) VALUES ('232', 'Соціальне забезпечення', 0);
INSERT INTO public.specialities (code, name, parent) VALUES ('241', 'Готельно-ресторанна справа', 0);
INSERT INTO public.specialities (code, name, parent) VALUES ('242', 'Туризм', 0);
INSERT INTO public.specialities (code, name, parent) VALUES ('251', 'Державна безпека', 0);
INSERT INTO public.specialities (code, name, parent) VALUES ('252', 'Безпека державного кордону', 0);
INSERT INTO public.specialities (code, name, parent) VALUES ('253', 'Військове управління', 0);
INSERT INTO public.specialities (code, name, parent) VALUES ('254', 'Забезпечення військ (сил)', 0);
INSERT INTO public.specialities (code, name, parent) VALUES ('255', 'Озброєння та військова техніка', 0);
INSERT INTO public.specialities (code, name, parent) VALUES ('256', 'Національна безпека', 0);
INSERT INTO public.specialities (code, name, parent) VALUES ('261', 'Пожежна безпека', 0);
INSERT INTO public.specialities (code, name, parent) VALUES ('262', 'Правоохоронна діяльність', 0);
INSERT INTO public.specialities (code, name, parent) VALUES ('263', 'Цивільна безпека', 0);
INSERT INTO public.specialities (code, name, parent) VALUES ('271', 'Морський та внутрішній водний транспорт', 0);
INSERT INTO public.specialities (code, name, parent) VALUES ('271.01', 'Навігація і управління морськими суднами', 0);
INSERT INTO public.specialities (code, name, parent) VALUES ('271.02', 'Управління судновими технічними системами і комплексами', 0);
INSERT INTO public.specialities (code, name, parent) VALUES ('271.03', 'Експлуатація суднового електрообладнання і засобів автоматики', 0);
INSERT INTO public.specialities (code, name, parent) VALUES ('271.04', 'Судноводіння на внутрішніх водних шляхах', 0);
INSERT INTO public.specialities (code, name, parent) VALUES ('272', 'Авіаційний транспорт', 0);
INSERT INTO public.specialities (code, name, parent) VALUES ('273', 'Залізничний транспорт', 0);
INSERT INTO public.specialities (code, name, parent) VALUES ('274', 'Автомобільний транспорт', 0);
INSERT INTO public.specialities (code, name, parent) VALUES ('275', 'Транспортні технології', 0);
INSERT INTO public.specialities (code, name, parent) VALUES ('275.01', 'на морському та річковому транспорті', 0);
INSERT INTO public.specialities (code, name, parent) VALUES ('275.02', 'на залізничному транспорті', 0);
INSERT INTO public.specialities (code, name, parent) VALUES ('275.03', 'на автомобільному транспорті', 0);
INSERT INTO public.specialities (code, name, parent) VALUES ('275.04', 'на повітряному транспорті', 0);
INSERT INTO public.specialities (code, name, parent) VALUES ('281', 'Публічне управління та адміністрування', 0);
INSERT INTO public.specialities (code, name, parent) VALUES ('291', 'Міжнародні відносини, суспільні комунікації та регіональні студії', 0);
INSERT INTO public.specialities (code, name, parent) VALUES ('292', 'Міжнародні економічні відносини', 0);
INSERT INTO public.specialities (code, name, parent) VALUES ('293', 'Міжнародне право', 0);



--------------------------------------


INSERT INTO public.faculties (id, name, university_id, speciality_code, short_description, url) VALUES (826173, 'Інститут комп''ютерних технологій, автоматики та метрології', 97, '122', '', '');
INSERT INTO public.faculties (id, name, university_id, speciality_code, short_description, url) VALUES (826494, 'Факультет міжнародних економічних відносин та інформаційних технологій', 16, '122', '', '');
INSERT INTO public.faculties (id, name, university_id, speciality_code, short_description, url) VALUES (833553, 'Інститут комп''ютерних технологій, автоматики та метрології', 97, '125', '', '');
INSERT INTO public.faculties (id, name, university_id, speciality_code, short_description, url) VALUES (834453, 'Інститут комп''ютерних наук та інформаційних технологій', 97, '122', '', '');
INSERT INTO public.faculties (id, name, university_id, speciality_code, short_description, url) VALUES (835497, 'Факультет прикладної математики та інформатики', 282, '125', '', '');
INSERT INTO public.faculties (id, name, university_id, speciality_code, short_description, url) VALUES (842107, 'Факультет прикладної математики та інформатики', 282, '122', '', '');
INSERT INTO public.faculties (id, name, university_id, speciality_code, short_description, url) VALUES (842578, 'Факультет електроніки та комп`ютерних технологій', 282, '122', '', '');
INSERT INTO public.faculties (id, name, university_id, speciality_code, short_description, url) VALUES (855074, 'Інститут деревообробних та комп''ютерних технологій і дизайну', 160, '122', '', '');
INSERT INTO public.faculties (id, name, university_id, speciality_code, short_description, url) VALUES (856008, 'Факультет видавничо-поліграфічних та інформаційних технологій', 167, '122', '', '');
INSERT INTO public.faculties (id, name, university_id, speciality_code, short_description, url) VALUES (860317, 'Факультет прикладних наук', 244, '122', '', '');
INSERT INTO public.faculties (id, name, university_id, speciality_code, short_description, url) VALUES (869029, 'Філософський факультет', 282, '033', '', '');
INSERT INTO public.faculties (id, name, university_id, speciality_code, short_description, url) VALUES (810096, 'Інститут архітектури та дизайну', 97, '022', '', '');
INSERT INTO public.faculties (id, name, university_id, speciality_code, short_description, url) VALUES (855732, 'Інститут економіки і менеджменту', 97, '075', '', '');
INSERT INTO public.faculties (id, name, university_id, speciality_code, short_description, url) VALUES (833097, '
Інститут права, психології та інноваційної освіти', 97, '061', '', '');
INSERT INTO public.faculties (id, name, university_id, speciality_code, short_description, url) VALUES (856581, 'Інститут економіки і менеджменту', 97, '051', '', '');
INSERT INTO public.faculties (id, name, university_id, speciality_code, short_description, url) VALUES (856624, 'Інститут економіки і менеджменту', 97, '073', NULL, NULL);
INSERT INTO public.faculties (id, name, university_id, speciality_code, short_description, url) VALUES (827395, 'Інститут права, психології та інноваційної освіти', 97, '053', NULL, NULL);
INSERT INTO public.faculties (id, name, university_id, speciality_code, short_description, url) VALUES (877889, '
Інститут гуманітарних та соціальних наук', 97, '054', NULL, NULL);
INSERT INTO public.faculties (id, name, university_id, speciality_code, short_description, url) VALUES (838766, 'Інститут геодезії', 97, '103', NULL, NULL);
INSERT INTO public.faculties (id, name, university_id, speciality_code, short_description, url) VALUES (855964, 'Інститут комп''ютерних наук та інформаційних технологій', 97, '124', NULL, NULL);
INSERT INTO public.faculties (id, name, university_id, speciality_code, short_description, url) VALUES (836893, 'Інститут телекомунікацій, радіоелектроніки та електронної техніки', 97, '171', NULL, NULL);
INSERT INTO public.faculties (id, name, university_id, speciality_code, short_description, url) VALUES (853127, '
Інститут хімії та хімічних технологій', 97, '181', NULL, NULL);
INSERT INTO public.faculties (id, name, university_id, speciality_code, short_description, url) VALUES (856872, 'Інститут будівництва та інженерних систем', 97, '192', NULL, NULL);
INSERT INTO public.faculties (id, name, university_id, speciality_code, short_description, url) VALUES (833638, 'Інститут гуманітарних та соціальних наук', 97, '291', NULL, NULL);
INSERT INTO public.faculties (id, name, university_id, speciality_code, short_description, url) VALUES (851657, 'Інститут прикладної математики та фундаментальних наук', 97, '291', NULL, NULL);
INSERT INTO public.faculties (id, name, university_id, speciality_code, short_description, url) VALUES (856873, 'Інститут механічної інженерії та транспорту', 97, '274', NULL, NULL);
INSERT INTO public.faculties (id, name, university_id, speciality_code, short_description, url) VALUES (828804, 'Інститут сталого розвитку імені В`ячеслава', 97, '242', NULL, NULL);
INSERT INTO public.faculties (id, name, university_id, speciality_code, short_description, url) VALUES (883189, 'Інститут прикладної математики та фундаментальних наук', 97, '113', NULL, NULL);
INSERT INTO public.faculties (id, name, university_id, speciality_code, short_description, url) VALUES (857860, 'Інститут права, психології та інноваційної освіти', 97, '081', NULL, NULL);
INSERT INTO public.faculties (id, name, university_id, speciality_code, short_description, url) VALUES (861629, 'Інститут адміністрування та післядипломної освіти', 97, '281', NULL, NULL);
INSERT INTO public.faculties (id, name, university_id, speciality_code, short_description, url) VALUES (851933, 'Економічний факультет', 282, '073', NULL, NULL);
INSERT INTO public.faculties (id, name, university_id, speciality_code, short_description, url) VALUES (851995, 'Факультет міжнародних відносин', 282, '292', NULL, NULL);
INSERT INTO public.faculties (id, name, university_id, speciality_code, short_description, url) VALUES (839187, 'Географічний факультет', 282, '181', NULL, NULL);
INSERT INTO public.faculties (id, name, university_id, speciality_code, short_description, url) VALUES (853825, 'Філософський факультет', 282, '053', NULL, NULL);
INSERT INTO public.faculties (id, name, university_id, speciality_code, short_description, url) VALUES (924217, '
Факультет електроніки та комп`ютерних технологій', 282, '171', NULL, NULL);
INSERT INTO public.faculties (id, name, university_id, speciality_code, short_description, url) VALUES (857382, 'Факультет педагогічної освіти', 282, '231', NULL, NULL);
INSERT INTO public.faculties (id, name, university_id, speciality_code, short_description, url) VALUES (828645, 'Факультет прикладної математики та інформатики', 282, '113', NULL, NULL);
INSERT INTO public.faculties (id, name, university_id, speciality_code, short_description, url) VALUES (852793, '
Історичний факультет', 282, '032', NULL, NULL);
INSERT INTO public.faculties (id, name, university_id, speciality_code, short_description, url) VALUES (861425, '
Факультет міжнародних економічних відносин та інформаційних технологій', 16, '292', NULL, NULL);
INSERT INTO public.faculties (id, name, university_id, speciality_code, short_description, url) VALUES (892873, 'Факультет товарознавства, управління та сфери обслуговування', 16, '181', NULL, NULL);
INSERT INTO public.faculties (id, name, university_id, speciality_code, short_description, url) VALUES (849976, 'Навчально-науковий інститут журналістики', 41, '061', NULL, NULL);
INSERT INTO public.faculties (id, name, university_id, speciality_code, short_description, url) VALUES (846210, '
Історичний факультет', 41, '032', NULL, NULL);
INSERT INTO public.faculties (id, name, university_id, speciality_code, short_description, url) VALUES (851759, 'Географічний факультет', 41, '242', NULL, NULL);
INSERT INTO public.faculties (id, name, university_id, speciality_code, short_description, url) VALUES (839896, 'Навчально-науковий інститут міжнародних відносин', 41, '293', NULL, NULL);
INSERT INTO public.faculties (id, name, university_id, speciality_code, short_description, url) VALUES (816072, 'Навчально-науковий інститут філології', 41, '035', NULL, NULL);
INSERT INTO public.faculties (id, name, university_id, speciality_code, short_description, url) VALUES (851193, 'Навчально-науковий інститут права', 41, '081', NULL, NULL);
INSERT INTO public.faculties (id, name, university_id, speciality_code, short_description, url) VALUES (864837, 'Філософський факультет', 41, '033', NULL, NULL);
INSERT INTO public.faculties (id, name, university_id, speciality_code, short_description, url) VALUES (814348, 'Навчально-науковий інститут філології', 41, '014', NULL, NULL);
INSERT INTO public.faculties (id, name, university_id, speciality_code, short_description, url) VALUES (815450, 'Філософський факультет', 41, '031', NULL, NULL);
INSERT INTO public.faculties (id, name, university_id, speciality_code, short_description, url) VALUES (862064, 'Факультет психології', 41, '231', NULL, NULL);



INSERT INTO public.coefficients (id, coefficient, min_grade, subject_id, faculty_id) VALUES (2, 0.35, 130, 1, 826173);
INSERT INTO public.coefficients (id, coefficient, min_grade, subject_id, faculty_id) VALUES (3, 0.4, 145, 14, 826173);
INSERT INTO public.coefficients (id, coefficient, min_grade, subject_id, faculty_id) VALUES (4, 0.25, 130, 3, 826173);
INSERT INTO public.coefficients (id, coefficient, min_grade, subject_id, faculty_id) VALUES (5, 0.25, 130, 6, 826173);
INSERT INTO public.coefficients (id, coefficient, min_grade, subject_id, faculty_id) VALUES (6, 0.25, 130, 18, 826173);
INSERT INTO public.coefficients (id, coefficient, min_grade, subject_id, faculty_id) VALUES (7, 0.25, 130, 19, 826173);
INSERT INTO public.coefficients (id, coefficient, min_grade, subject_id, faculty_id) VALUES (8, 0.25, 130, 21, 826173);
INSERT INTO public.coefficients (id, coefficient, min_grade, subject_id, faculty_id) VALUES (9, 0.25, 130, 22, 826173);
INSERT INTO public.coefficients (id, coefficient, min_grade, subject_id, faculty_id) VALUES (10, 0.2, 100, 29, 810096);
INSERT INTO public.coefficients (id, coefficient, min_grade, subject_id, faculty_id) VALUES (11, 0.2, 115, 14, 810096);
INSERT INTO public.coefficients (id, coefficient, min_grade, subject_id, faculty_id) VALUES (12, 0.6, 124, 999, 810096);
INSERT INTO public.coefficients (id, coefficient, min_grade, subject_id, faculty_id) VALUES (13, 0.35, 100, 1, 833553);
INSERT INTO public.coefficients (id, coefficient, min_grade, subject_id, faculty_id) VALUES (14, 0.4, 115, 14, 833553);
INSERT INTO public.coefficients (id, coefficient, min_grade, subject_id, faculty_id) VALUES (15, 0.25, 100, 3, 833553);
INSERT INTO public.coefficients (id, coefficient, min_grade, subject_id, faculty_id) VALUES (16, 0.25, 100, 6, 833553);
INSERT INTO public.coefficients (id, coefficient, min_grade, subject_id, faculty_id) VALUES (17, 0.25, 100, 18, 833553);
INSERT INTO public.coefficients (id, coefficient, min_grade, subject_id, faculty_id) VALUES (18, 0.25, 100, 19, 833553);
INSERT INTO public.coefficients (id, coefficient, min_grade, subject_id, faculty_id) VALUES (19, 0.25, 100, 21, 833553);
INSERT INTO public.coefficients (id, coefficient, min_grade, subject_id, faculty_id) VALUES (20, 0.25, 100, 22, 833553);
INSERT INTO public.coefficients (id, coefficient, min_grade, subject_id, faculty_id) VALUES (1, 0.35, 130, 1, 834453);
INSERT INTO public.coefficients (id, coefficient, min_grade, subject_id, faculty_id) VALUES (21, 0.4, 145, 14, 834453);
INSERT INTO public.coefficients (id, coefficient, min_grade, subject_id, faculty_id) VALUES (22, 0.25, 130, 3, 834453);
INSERT INTO public.coefficients (id, coefficient, min_grade, subject_id, faculty_id) VALUES (23, 0.25, 130, 6, 834453);
INSERT INTO public.coefficients (id, coefficient, min_grade, subject_id, faculty_id) VALUES (24, 0.25, 130, 18, 834453);
INSERT INTO public.coefficients (id, coefficient, min_grade, subject_id, faculty_id) VALUES (25, 0.25, 130, 19, 834453);
INSERT INTO public.coefficients (id, coefficient, min_grade, subject_id, faculty_id) VALUES (26, 0.25, 130, 21, 834453);
INSERT INTO public.coefficients (id, coefficient, min_grade, subject_id, faculty_id) VALUES (27, 0.25, 130, 22, 834453);
INSERT INTO public.coefficients (id, coefficient, min_grade, subject_id, faculty_id) VALUES (28, 0.3, 100, 1, 842107);
INSERT INTO public.coefficients (id, coefficient, min_grade, subject_id, faculty_id) VALUES (29, 0.5, 100, 14, 842107);
INSERT INTO public.coefficients (id, coefficient, min_grade, subject_id, faculty_id) VALUES (32, 0.2, 100, 3, 842107);
INSERT INTO public.coefficients (id, coefficient, min_grade, subject_id, faculty_id) VALUES (30, 0.2, 100, 6, 842107);
INSERT INTO public.coefficients (id, coefficient, min_grade, subject_id, faculty_id) VALUES (31, 0.2, 100, 18, 842107);
INSERT INTO public.coefficients (id, coefficient, min_grade, subject_id, faculty_id) VALUES (33, 0.2, 100, 19, 842107);
INSERT INTO public.coefficients (id, coefficient, min_grade, subject_id, faculty_id) VALUES (34, 0.2, 100, 21, 842107);
INSERT INTO public.coefficients (id, coefficient, min_grade, subject_id, faculty_id) VALUES (35, 0.2, 100, 22, 842107);
INSERT INTO public.coefficients (id, coefficient, min_grade, subject_id, faculty_id) VALUES (36, 0.25, 100, 1, 842578);
INSERT INTO public.coefficients (id, coefficient, min_grade, subject_id, faculty_id) VALUES (37, 0.5, 100, 14, 842578);
INSERT INTO public.coefficients (id, coefficient, min_grade, subject_id, faculty_id) VALUES (38, 0.25, 100, 3, 842578);
INSERT INTO public.coefficients (id, coefficient, min_grade, subject_id, faculty_id) VALUES (39, 0.25, 100, 6, 842578);
INSERT INTO public.coefficients (id, coefficient, min_grade, subject_id, faculty_id) VALUES (40, 0.25, 100, 18, 842578);
INSERT INTO public.coefficients (id, coefficient, min_grade, subject_id, faculty_id) VALUES (41, 0.25, 100, 19, 842578);
INSERT INTO public.coefficients (id, coefficient, min_grade, subject_id, faculty_id) VALUES (42, 0.25, 100, 21, 842578);
INSERT INTO public.coefficients (id, coefficient, min_grade, subject_id, faculty_id) VALUES (43, 0.25, 100, 22, 842578);


INSERT INTO public.max_min_grades (id, year, faculty_id, speciality_code, max_min_budget, max_min_contract) VALUES (1, 2021, 826173, '122', 193.443, 151.062);
INSERT INTO public.max_min_grades (id, year, faculty_id, speciality_code, max_min_budget, max_min_contract) VALUES (2, 2021, 810096, '022', 180.234, 136.68);
INSERT INTO public.max_min_grades (id, year, faculty_id, speciality_code, max_min_budget, max_min_contract) VALUES (9, 2021, 833553, '125', 185.283, 123.063);
INSERT INTO public.max_min_grades (id, year, faculty_id, speciality_code, max_min_budget, max_min_contract) VALUES (3, 2021, 834453, '122', 189.261, 146.472);
INSERT INTO public.max_min_grades (id, year, faculty_id, speciality_code, max_min_budget, max_min_contract) VALUES (4, 2021, 842107, '122', 186.66, 125.868);
INSERT INTO public.max_min_grades (id, year, faculty_id, speciality_code, max_min_budget, max_min_contract) VALUES (5, 2021, 842578, '122', 185.64, 149.94);

INSERT INTO public.specialities_subjects (speciality_code, subject_id, subject_status) VALUES ('101', 1, 'main');
INSERT INTO public.specialities_subjects (speciality_code, subject_id, subject_status) VALUES ('101', 18, 'mandatory');
INSERT INTO public.specialities_subjects (speciality_code, subject_id, subject_status) VALUES ('101', 6, 'optional');
INSERT INTO public.specialities_subjects (speciality_code, subject_id, subject_status) VALUES ('101', 14, 'optional');
INSERT INTO public.specialities_subjects (speciality_code, subject_id, subject_status) VALUES ('101', 3, 'optional');
INSERT INTO public.specialities_subjects (speciality_code, subject_id, subject_status) VALUES ('101', 19, 'optional');
INSERT INTO public.specialities_subjects (speciality_code, subject_id, subject_status) VALUES ('101', 21, 'optional');
INSERT INTO public.specialities_subjects (speciality_code, subject_id, subject_status) VALUES ('101', 22, 'optional');
INSERT INTO public.specialities_subjects (speciality_code, subject_id, subject_status) VALUES ('102', 1, 'main');
INSERT INTO public.specialities_subjects (speciality_code, subject_id, subject_status) VALUES ('102', 22, 'mandatory');
INSERT INTO public.specialities_subjects (speciality_code, subject_id, subject_status) VALUES ('102', 6, 'optional');
INSERT INTO public.specialities_subjects (speciality_code, subject_id, subject_status) VALUES ('102', 14, 'optional');
INSERT INTO public.specialities_subjects (speciality_code, subject_id, subject_status) VALUES ('102', 3, 'optional');
INSERT INTO public.specialities_subjects (speciality_code, subject_id, subject_status) VALUES ('102', 18, 'optional');
INSERT INTO public.specialities_subjects (speciality_code, subject_id, subject_status) VALUES ('102', 19, 'optional');
INSERT INTO public.specialities_subjects (speciality_code, subject_id, subject_status) VALUES ('102', 21, 'optional');
INSERT INTO public.specialities_subjects (speciality_code, subject_id, subject_status) VALUES ('103', 1, 'main');
INSERT INTO public.specialities_subjects (speciality_code, subject_id, subject_status) VALUES ('103', 14, 'mandatory');
INSERT INTO public.specialities_subjects (speciality_code, subject_id, subject_status) VALUES ('103', 6, 'optional');
INSERT INTO public.specialities_subjects (speciality_code, subject_id, subject_status) VALUES ('103', 3, 'optional');
INSERT INTO public.specialities_subjects (speciality_code, subject_id, subject_status) VALUES ('103', 18, 'optional');
INSERT INTO public.specialities_subjects (speciality_code, subject_id, subject_status) VALUES ('103', 19, 'optional');
INSERT INTO public.specialities_subjects (speciality_code, subject_id, subject_status) VALUES ('103', 21, 'optional');
INSERT INTO public.specialities_subjects (speciality_code, subject_id, subject_status) VALUES ('103', 22, 'optional');
INSERT INTO public.specialities_subjects (speciality_code, subject_id, subject_status) VALUES ('104', 1, 'main');
INSERT INTO public.specialities_subjects (speciality_code, subject_id, subject_status) VALUES ('104', 14, 'mandatory');
INSERT INTO public.specialities_subjects (speciality_code, subject_id, subject_status) VALUES ('104', 6, 'optional');
INSERT INTO public.specialities_subjects (speciality_code, subject_id, subject_status) VALUES ('104', 3, 'optional');
INSERT INTO public.specialities_subjects (speciality_code, subject_id, subject_status) VALUES ('104', 18, 'optional');
INSERT INTO public.specialities_subjects (speciality_code, subject_id, subject_status) VALUES ('104', 19, 'optional');
INSERT INTO public.specialities_subjects (speciality_code, subject_id, subject_status) VALUES ('104', 21, 'optional');
INSERT INTO public.specialities_subjects (speciality_code, subject_id, subject_status) VALUES ('104', 22, 'optional');
INSERT INTO public.specialities_subjects (speciality_code, subject_id, subject_status) VALUES ('105', 1, 'main');
INSERT INTO public.specialities_subjects (speciality_code, subject_id, subject_status) VALUES ('105', 14, 'mandatory');
INSERT INTO public.specialities_subjects (speciality_code, subject_id, subject_status) VALUES ('105', 6, 'optional');
INSERT INTO public.specialities_subjects (speciality_code, subject_id, subject_status) VALUES ('105', 3, 'optional');
INSERT INTO public.specialities_subjects (speciality_code, subject_id, subject_status) VALUES ('105', 18, 'optional');
INSERT INTO public.specialities_subjects (speciality_code, subject_id, subject_status) VALUES ('105', 19, 'optional');
INSERT INTO public.specialities_subjects (speciality_code, subject_id, subject_status) VALUES ('105', 21, 'optional');
INSERT INTO public.specialities_subjects (speciality_code, subject_id, subject_status) VALUES ('105', 22, 'optional');
INSERT INTO public.specialities_subjects (speciality_code, subject_id, subject_status) VALUES ('106', 1, 'main');
INSERT INTO public.specialities_subjects (speciality_code, subject_id, subject_status) VALUES ('106', 19, 'mandatory');
INSERT INTO public.specialities_subjects (speciality_code, subject_id, subject_status) VALUES ('106', 6, 'optional');
INSERT INTO public.specialities_subjects (speciality_code, subject_id, subject_status) VALUES ('106', 14, 'optional');
INSERT INTO public.specialities_subjects (speciality_code, subject_id, subject_status) VALUES ('106', 3, 'optional');
INSERT INTO public.specialities_subjects (speciality_code, subject_id, subject_status) VALUES ('106', 18, 'optional');
INSERT INTO public.specialities_subjects (speciality_code, subject_id, subject_status) VALUES ('106', 21, 'optional');
INSERT INTO public.specialities_subjects (speciality_code, subject_id, subject_status) VALUES ('106', 22, 'optional');
INSERT INTO public.specialities_subjects (speciality_code, subject_id, subject_status) VALUES ('111', 1, 'main');
INSERT INTO public.specialities_subjects (speciality_code, subject_id, subject_status) VALUES ('111', 14, 'mandatory');
INSERT INTO public.specialities_subjects (speciality_code, subject_id, subject_status) VALUES ('111', 6, 'optional');
INSERT INTO public.specialities_subjects (speciality_code, subject_id, subject_status) VALUES ('111', 3, 'optional');
INSERT INTO public.specialities_subjects (speciality_code, subject_id, subject_status) VALUES ('111', 18, 'optional');
INSERT INTO public.specialities_subjects (speciality_code, subject_id, subject_status) VALUES ('111', 19, 'optional');
INSERT INTO public.specialities_subjects (speciality_code, subject_id, subject_status) VALUES ('111', 21, 'optional');
INSERT INTO public.specialities_subjects (speciality_code, subject_id, subject_status) VALUES ('111', 22, 'optional');
INSERT INTO public.specialities_subjects (speciality_code, subject_id, subject_status) VALUES ('112', 1, 'main');
INSERT INTO public.specialities_subjects (speciality_code, subject_id, subject_status) VALUES ('112', 14, 'mandatory');
INSERT INTO public.specialities_subjects (speciality_code, subject_id, subject_status) VALUES ('112', 6, 'optional');
INSERT INTO public.specialities_subjects (speciality_code, subject_id, subject_status) VALUES ('112', 3, 'optional');
INSERT INTO public.specialities_subjects (speciality_code, subject_id, subject_status) VALUES ('112', 18, 'optional');
INSERT INTO public.specialities_subjects (speciality_code, subject_id, subject_status) VALUES ('112', 19, 'optional');
INSERT INTO public.specialities_subjects (speciality_code, subject_id, subject_status) VALUES ('112', 21, 'optional');
INSERT INTO public.specialities_subjects (speciality_code, subject_id, subject_status) VALUES ('112', 22, 'optional');
INSERT INTO public.specialities_subjects (speciality_code, subject_id, subject_status) VALUES ('113', 1, 'main');
INSERT INTO public.specialities_subjects (speciality_code, subject_id, subject_status) VALUES ('113', 14, 'mandatory');
INSERT INTO public.specialities_subjects (speciality_code, subject_id, subject_status) VALUES ('113', 6, 'optional');
INSERT INTO public.specialities_subjects (speciality_code, subject_id, subject_status) VALUES ('113', 3, 'optional');
INSERT INTO public.specialities_subjects (speciality_code, subject_id, subject_status) VALUES ('113', 18, 'optional');
INSERT INTO public.specialities_subjects (speciality_code, subject_id, subject_status) VALUES ('113', 19, 'optional');
INSERT INTO public.specialities_subjects (speciality_code, subject_id, subject_status) VALUES ('113', 21, 'optional');
INSERT INTO public.specialities_subjects (speciality_code, subject_id, subject_status) VALUES ('113', 22, 'optional');
INSERT INTO public.specialities_subjects (speciality_code, subject_id, subject_status) VALUES ('121', 1, 'main');
INSERT INTO public.specialities_subjects (speciality_code, subject_id, subject_status) VALUES ('121', 14, 'mandatory');
INSERT INTO public.specialities_subjects (speciality_code, subject_id, subject_status) VALUES ('121', 6, 'optional');
INSERT INTO public.specialities_subjects (speciality_code, subject_id, subject_status) VALUES ('121', 3, 'optional');
INSERT INTO public.specialities_subjects (speciality_code, subject_id, subject_status) VALUES ('121', 18, 'optional');
INSERT INTO public.specialities_subjects (speciality_code, subject_id, subject_status) VALUES ('121', 19, 'optional');
INSERT INTO public.specialities_subjects (speciality_code, subject_id, subject_status) VALUES ('121', 21, 'optional');
INSERT INTO public.specialities_subjects (speciality_code, subject_id, subject_status) VALUES ('121', 22, 'optional');
INSERT INTO public.specialities_subjects (speciality_code, subject_id, subject_status) VALUES ('122', 1, 'main');
INSERT INTO public.specialities_subjects (speciality_code, subject_id, subject_status) VALUES ('122', 14, 'mandatory');
INSERT INTO public.specialities_subjects (speciality_code, subject_id, subject_status) VALUES ('122', 6, 'optional');
INSERT INTO public.specialities_subjects (speciality_code, subject_id, subject_status) VALUES ('122', 3, 'optional');
INSERT INTO public.specialities_subjects (speciality_code, subject_id, subject_status) VALUES ('122', 18, 'optional');
INSERT INTO public.specialities_subjects (speciality_code, subject_id, subject_status) VALUES ('122', 19, 'optional');
INSERT INTO public.specialities_subjects (speciality_code, subject_id, subject_status) VALUES ('122', 21, 'optional');
INSERT INTO public.specialities_subjects (speciality_code, subject_id, subject_status) VALUES ('122', 22, 'optional');
INSERT INTO public.specialities_subjects (speciality_code, subject_id, subject_status) VALUES ('123', 1, 'main');
INSERT INTO public.specialities_subjects (speciality_code, subject_id, subject_status) VALUES ('123', 14, 'mandatory');
INSERT INTO public.specialities_subjects (speciality_code, subject_id, subject_status) VALUES ('123', 6, 'optional');
INSERT INTO public.specialities_subjects (speciality_code, subject_id, subject_status) VALUES ('123', 3, 'optional');
INSERT INTO public.specialities_subjects (speciality_code, subject_id, subject_status) VALUES ('123', 18, 'optional');
INSERT INTO public.specialities_subjects (speciality_code, subject_id, subject_status) VALUES ('123', 19, 'optional');
INSERT INTO public.specialities_subjects (speciality_code, subject_id, subject_status) VALUES ('123', 21, 'optional');
INSERT INTO public.specialities_subjects (speciality_code, subject_id, subject_status) VALUES ('123', 22, 'optional');
INSERT INTO public.specialities_subjects (speciality_code, subject_id, subject_status) VALUES ('124', 1, 'main');
INSERT INTO public.specialities_subjects (speciality_code, subject_id, subject_status) VALUES ('124', 14, 'mandatory');
INSERT INTO public.specialities_subjects (speciality_code, subject_id, subject_status) VALUES ('124', 6, 'optional');
INSERT INTO public.specialities_subjects (speciality_code, subject_id, subject_status) VALUES ('124', 3, 'optional');
INSERT INTO public.specialities_subjects (speciality_code, subject_id, subject_status) VALUES ('124', 18, 'optional');
INSERT INTO public.specialities_subjects (speciality_code, subject_id, subject_status) VALUES ('124', 19, 'optional');
INSERT INTO public.specialities_subjects (speciality_code, subject_id, subject_status) VALUES ('124', 21, 'optional');
INSERT INTO public.specialities_subjects (speciality_code, subject_id, subject_status) VALUES ('124', 22, 'optional');
INSERT INTO public.specialities_subjects (speciality_code, subject_id, subject_status) VALUES ('125', 1, 'main');
INSERT INTO public.specialities_subjects (speciality_code, subject_id, subject_status) VALUES ('125', 14, 'mandatory');
INSERT INTO public.specialities_subjects (speciality_code, subject_id, subject_status) VALUES ('125', 6, 'optional');
INSERT INTO public.specialities_subjects (speciality_code, subject_id, subject_status) VALUES ('125', 3, 'optional');
INSERT INTO public.specialities_subjects (speciality_code, subject_id, subject_status) VALUES ('125', 18, 'optional');
INSERT INTO public.specialities_subjects (speciality_code, subject_id, subject_status) VALUES ('125', 19, 'optional');
INSERT INTO public.specialities_subjects (speciality_code, subject_id, subject_status) VALUES ('125', 21, 'optional');
INSERT INTO public.specialities_subjects (speciality_code, subject_id, subject_status) VALUES ('125', 22, 'optional');
INSERT INTO public.specialities_subjects (speciality_code, subject_id, subject_status) VALUES ('126', 1, 'main');
INSERT INTO public.specialities_subjects (speciality_code, subject_id, subject_status) VALUES ('126', 14, 'mandatory');
INSERT INTO public.specialities_subjects (speciality_code, subject_id, subject_status) VALUES ('126', 6, 'optional');
INSERT INTO public.specialities_subjects (speciality_code, subject_id, subject_status) VALUES ('126', 3, 'optional');
INSERT INTO public.specialities_subjects (speciality_code, subject_id, subject_status) VALUES ('126', 18, 'optional');
INSERT INTO public.specialities_subjects (speciality_code, subject_id, subject_status) VALUES ('126', 19, 'optional');
INSERT INTO public.specialities_subjects (speciality_code, subject_id, subject_status) VALUES ('126', 21, 'optional');
INSERT INTO public.specialities_subjects (speciality_code, subject_id, subject_status) VALUES ('126', 22, 'optional');
INSERT INTO public.specialities_subjects (speciality_code, subject_id, subject_status) VALUES ('131', 1, 'main');
INSERT INTO public.specialities_subjects (speciality_code, subject_id, subject_status) VALUES ('131', 14, 'mandatory');
INSERT INTO public.specialities_subjects (speciality_code, subject_id, subject_status) VALUES ('131', 6, 'optional');
INSERT INTO public.specialities_subjects (speciality_code, subject_id, subject_status) VALUES ('131', 3, 'optional');
INSERT INTO public.specialities_subjects (speciality_code, subject_id, subject_status) VALUES ('131', 18, 'optional');
INSERT INTO public.specialities_subjects (speciality_code, subject_id, subject_status) VALUES ('131', 19, 'optional');
INSERT INTO public.specialities_subjects (speciality_code, subject_id, subject_status) VALUES ('131', 21, 'optional');
INSERT INTO public.specialities_subjects (speciality_code, subject_id, subject_status) VALUES ('131', 22, 'optional');
INSERT INTO public.specialities_subjects (speciality_code, subject_id, subject_status) VALUES ('132', 1, 'main');
INSERT INTO public.specialities_subjects (speciality_code, subject_id, subject_status) VALUES ('132', 14, 'mandatory');
INSERT INTO public.specialities_subjects (speciality_code, subject_id, subject_status) VALUES ('132', 6, 'optional');
INSERT INTO public.specialities_subjects (speciality_code, subject_id, subject_status) VALUES ('132', 3, 'optional');
INSERT INTO public.specialities_subjects (speciality_code, subject_id, subject_status) VALUES ('132', 18, 'optional');
INSERT INTO public.specialities_subjects (speciality_code, subject_id, subject_status) VALUES ('132', 19, 'optional');
INSERT INTO public.specialities_subjects (speciality_code, subject_id, subject_status) VALUES ('132', 21, 'optional');
INSERT INTO public.specialities_subjects (speciality_code, subject_id, subject_status) VALUES ('132', 22, 'optional');
INSERT INTO public.specialities_subjects (speciality_code, subject_id, subject_status) VALUES ('133', 1, 'main');
INSERT INTO public.specialities_subjects (speciality_code, subject_id, subject_status) VALUES ('133', 14, 'mandatory');
INSERT INTO public.specialities_subjects (speciality_code, subject_id, subject_status) VALUES ('133', 6, 'optional');
INSERT INTO public.specialities_subjects (speciality_code, subject_id, subject_status) VALUES ('133', 3, 'optional');
INSERT INTO public.specialities_subjects (speciality_code, subject_id, subject_status) VALUES ('133', 18, 'optional');
INSERT INTO public.specialities_subjects (speciality_code, subject_id, subject_status) VALUES ('133', 19, 'optional');
INSERT INTO public.specialities_subjects (speciality_code, subject_id, subject_status) VALUES ('133', 21, 'optional');
INSERT INTO public.specialities_subjects (speciality_code, subject_id, subject_status) VALUES ('133', 22, 'optional');
INSERT INTO public.specialities_subjects (speciality_code, subject_id, subject_status) VALUES ('134', 1, 'main');
INSERT INTO public.specialities_subjects (speciality_code, subject_id, subject_status) VALUES ('134', 14, 'mandatory');
INSERT INTO public.specialities_subjects (speciality_code, subject_id, subject_status) VALUES ('134', 6, 'optional');
INSERT INTO public.specialities_subjects (speciality_code, subject_id, subject_status) VALUES ('134', 3, 'optional');
INSERT INTO public.specialities_subjects (speciality_code, subject_id, subject_status) VALUES ('134', 18, 'optional');
INSERT INTO public.specialities_subjects (speciality_code, subject_id, subject_status) VALUES ('134', 19, 'optional');
INSERT INTO public.specialities_subjects (speciality_code, subject_id, subject_status) VALUES ('134', 21, 'optional');
INSERT INTO public.specialities_subjects (speciality_code, subject_id, subject_status) VALUES ('134', 22, 'optional');
INSERT INTO public.specialities_subjects (speciality_code, subject_id, subject_status) VALUES ('135', 1, 'main');
INSERT INTO public.specialities_subjects (speciality_code, subject_id, subject_status) VALUES ('135', 14, 'mandatory');
INSERT INTO public.specialities_subjects (speciality_code, subject_id, subject_status) VALUES ('135', 6, 'optional');
INSERT INTO public.specialities_subjects (speciality_code, subject_id, subject_status) VALUES ('135', 3, 'optional');
INSERT INTO public.specialities_subjects (speciality_code, subject_id, subject_status) VALUES ('135', 18, 'optional');
INSERT INTO public.specialities_subjects (speciality_code, subject_id, subject_status) VALUES ('135', 19, 'optional');
INSERT INTO public.specialities_subjects (speciality_code, subject_id, subject_status) VALUES ('135', 21, 'optional');
INSERT INTO public.specialities_subjects (speciality_code, subject_id, subject_status) VALUES ('135', 22, 'optional');
INSERT INTO public.specialities_subjects (speciality_code, subject_id, subject_status) VALUES ('136', 1, 'main');
INSERT INTO public.specialities_subjects (speciality_code, subject_id, subject_status) VALUES ('136', 14, 'mandatory');
INSERT INTO public.specialities_subjects (speciality_code, subject_id, subject_status) VALUES ('136', 6, 'optional');
INSERT INTO public.specialities_subjects (speciality_code, subject_id, subject_status) VALUES ('136', 3, 'optional');
INSERT INTO public.specialities_subjects (speciality_code, subject_id, subject_status) VALUES ('136', 18, 'optional');
INSERT INTO public.specialities_subjects (speciality_code, subject_id, subject_status) VALUES ('136', 19, 'optional');
INSERT INTO public.specialities_subjects (speciality_code, subject_id, subject_status) VALUES ('136', 21, 'optional');
INSERT INTO public.specialities_subjects (speciality_code, subject_id, subject_status) VALUES ('136', 22, 'optional');
INSERT INTO public.specialities_subjects (speciality_code, subject_id, subject_status) VALUES ('141', 1, 'main');
INSERT INTO public.specialities_subjects (speciality_code, subject_id, subject_status) VALUES ('141', 14, 'mandatory');
INSERT INTO public.specialities_subjects (speciality_code, subject_id, subject_status) VALUES ('141', 6, 'optional');
INSERT INTO public.specialities_subjects (speciality_code, subject_id, subject_status) VALUES ('141', 3, 'optional');
INSERT INTO public.specialities_subjects (speciality_code, subject_id, subject_status) VALUES ('141', 18, 'optional');
INSERT INTO public.specialities_subjects (speciality_code, subject_id, subject_status) VALUES ('141', 19, 'optional');
INSERT INTO public.specialities_subjects (speciality_code, subject_id, subject_status) VALUES ('141', 21, 'optional');
INSERT INTO public.specialities_subjects (speciality_code, subject_id, subject_status) VALUES ('141', 22, 'optional');
INSERT INTO public.specialities_subjects (speciality_code, subject_id, subject_status) VALUES ('142', 1, 'main');
INSERT INTO public.specialities_subjects (speciality_code, subject_id, subject_status) VALUES ('142', 14, 'mandatory');
INSERT INTO public.specialities_subjects (speciality_code, subject_id, subject_status) VALUES ('142', 6, 'optional');
INSERT INTO public.specialities_subjects (speciality_code, subject_id, subject_status) VALUES ('142', 3, 'optional');
INSERT INTO public.specialities_subjects (speciality_code, subject_id, subject_status) VALUES ('142', 18, 'optional');
INSERT INTO public.specialities_subjects (speciality_code, subject_id, subject_status) VALUES ('142', 19, 'optional');
INSERT INTO public.specialities_subjects (speciality_code, subject_id, subject_status) VALUES ('142', 21, 'optional');
INSERT INTO public.specialities_subjects (speciality_code, subject_id, subject_status) VALUES ('142', 22, 'optional');
INSERT INTO public.specialities_subjects (speciality_code, subject_id, subject_status) VALUES ('143', 1, 'main');
INSERT INTO public.specialities_subjects (speciality_code, subject_id, subject_status) VALUES ('143', 14, 'mandatory');
INSERT INTO public.specialities_subjects (speciality_code, subject_id, subject_status) VALUES ('143', 21, 'optional');
INSERT INTO public.specialities_subjects (speciality_code, subject_id, subject_status) VALUES ('143', 22, 'optional');
INSERT INTO public.specialities_subjects (speciality_code, subject_id, subject_status) VALUES ('144', 1, 'main');
INSERT INTO public.specialities_subjects (speciality_code, subject_id, subject_status) VALUES ('144', 14, 'mandatory');
INSERT INTO public.specialities_subjects (speciality_code, subject_id, subject_status) VALUES ('144', 21, 'optional');
INSERT INTO public.specialities_subjects (speciality_code, subject_id, subject_status) VALUES ('144', 22, 'optional');
INSERT INTO public.specialities_subjects (speciality_code, subject_id, subject_status) VALUES ('145', 1, 'main');
INSERT INTO public.specialities_subjects (speciality_code, subject_id, subject_status) VALUES ('145', 14, 'mandatory');
INSERT INTO public.specialities_subjects (speciality_code, subject_id, subject_status) VALUES ('145', 21, 'optional');
INSERT INTO public.specialities_subjects (speciality_code, subject_id, subject_status) VALUES ('145', 22, 'optional');
INSERT INTO public.specialities_subjects (speciality_code, subject_id, subject_status) VALUES ('151', 1, 'main');
INSERT INTO public.specialities_subjects (speciality_code, subject_id, subject_status) VALUES ('151', 14, 'mandatory');
INSERT INTO public.specialities_subjects (speciality_code, subject_id, subject_status) VALUES ('151', 6, 'optional');
INSERT INTO public.specialities_subjects (speciality_code, subject_id, subject_status) VALUES ('151', 3, 'optional');
INSERT INTO public.specialities_subjects (speciality_code, subject_id, subject_status) VALUES ('151', 18, 'optional');
INSERT INTO public.specialities_subjects (speciality_code, subject_id, subject_status) VALUES ('151', 19, 'optional');
INSERT INTO public.specialities_subjects (speciality_code, subject_id, subject_status) VALUES ('151', 21, 'optional');
INSERT INTO public.specialities_subjects (speciality_code, subject_id, subject_status) VALUES ('151', 22, 'optional');
INSERT INTO public.specialities_subjects (speciality_code, subject_id, subject_status) VALUES ('152', 1, 'main');
INSERT INTO public.specialities_subjects (speciality_code, subject_id, subject_status) VALUES ('152', 14, 'mandatory');
INSERT INTO public.specialities_subjects (speciality_code, subject_id, subject_status) VALUES ('152', 6, 'optional');
INSERT INTO public.specialities_subjects (speciality_code, subject_id, subject_status) VALUES ('152', 3, 'optional');
INSERT INTO public.specialities_subjects (speciality_code, subject_id, subject_status) VALUES ('152', 18, 'optional');
INSERT INTO public.specialities_subjects (speciality_code, subject_id, subject_status) VALUES ('152', 19, 'optional');
INSERT INTO public.specialities_subjects (speciality_code, subject_id, subject_status) VALUES ('152', 21, 'optional');
INSERT INTO public.specialities_subjects (speciality_code, subject_id, subject_status) VALUES ('152', 22, 'optional');
INSERT INTO public.specialities_subjects (speciality_code, subject_id, subject_status) VALUES ('153', 1, 'main');
INSERT INTO public.specialities_subjects (speciality_code, subject_id, subject_status) VALUES ('153', 14, 'mandatory');
INSERT INTO public.specialities_subjects (speciality_code, subject_id, subject_status) VALUES ('153', 6, 'optional');
INSERT INTO public.specialities_subjects (speciality_code, subject_id, subject_status) VALUES ('153', 3, 'optional');
INSERT INTO public.specialities_subjects (speciality_code, subject_id, subject_status) VALUES ('153', 18, 'optional');
INSERT INTO public.specialities_subjects (speciality_code, subject_id, subject_status) VALUES ('153', 19, 'optional');
INSERT INTO public.specialities_subjects (speciality_code, subject_id, subject_status) VALUES ('153', 21, 'optional');
INSERT INTO public.specialities_subjects (speciality_code, subject_id, subject_status) VALUES ('153', 22, 'optional');
INSERT INTO public.specialities_subjects (speciality_code, subject_id, subject_status) VALUES ('161', 1, 'main');
INSERT INTO public.specialities_subjects (speciality_code, subject_id, subject_status) VALUES ('161', 14, 'mandatory');
INSERT INTO public.specialities_subjects (speciality_code, subject_id, subject_status) VALUES ('161', 6, 'optional');
INSERT INTO public.specialities_subjects (speciality_code, subject_id, subject_status) VALUES ('161', 3, 'optional');
INSERT INTO public.specialities_subjects (speciality_code, subject_id, subject_status) VALUES ('161', 18, 'optional');
INSERT INTO public.specialities_subjects (speciality_code, subject_id, subject_status) VALUES ('161', 19, 'optional');
INSERT INTO public.specialities_subjects (speciality_code, subject_id, subject_status) VALUES ('161', 21, 'optional');
INSERT INTO public.specialities_subjects (speciality_code, subject_id, subject_status) VALUES ('161', 22, 'optional');
INSERT INTO public.specialities_subjects (speciality_code, subject_id, subject_status) VALUES ('162', 1, 'main');
INSERT INTO public.specialities_subjects (speciality_code, subject_id, subject_status) VALUES ('162', 18, 'mandatory');
INSERT INTO public.specialities_subjects (speciality_code, subject_id, subject_status) VALUES ('162', 6, 'optional');
INSERT INTO public.specialities_subjects (speciality_code, subject_id, subject_status) VALUES ('162', 14, 'optional');
INSERT INTO public.specialities_subjects (speciality_code, subject_id, subject_status) VALUES ('162', 3, 'optional');
INSERT INTO public.specialities_subjects (speciality_code, subject_id, subject_status) VALUES ('162', 19, 'optional');
INSERT INTO public.specialities_subjects (speciality_code, subject_id, subject_status) VALUES ('162', 21, 'optional');
INSERT INTO public.specialities_subjects (speciality_code, subject_id, subject_status) VALUES ('162', 22, 'optional');
INSERT INTO public.specialities_subjects (speciality_code, subject_id, subject_status) VALUES ('163', 1, 'main');
INSERT INTO public.specialities_subjects (speciality_code, subject_id, subject_status) VALUES ('163', 18, 'mandatory');
INSERT INTO public.specialities_subjects (speciality_code, subject_id, subject_status) VALUES ('163', 6, 'optional');
INSERT INTO public.specialities_subjects (speciality_code, subject_id, subject_status) VALUES ('163', 14, 'optional');
INSERT INTO public.specialities_subjects (speciality_code, subject_id, subject_status) VALUES ('163', 3, 'optional');
INSERT INTO public.specialities_subjects (speciality_code, subject_id, subject_status) VALUES ('163', 19, 'optional');
INSERT INTO public.specialities_subjects (speciality_code, subject_id, subject_status) VALUES ('163', 21, 'optional');
INSERT INTO public.specialities_subjects (speciality_code, subject_id, subject_status) VALUES ('163', 22, 'optional');
INSERT INTO public.specialities_subjects (speciality_code, subject_id, subject_status) VALUES ('171', 1, 'main');
INSERT INTO public.specialities_subjects (speciality_code, subject_id, subject_status) VALUES ('171', 14, 'mandatory');
INSERT INTO public.specialities_subjects (speciality_code, subject_id, subject_status) VALUES ('171', 6, 'optional');
INSERT INTO public.specialities_subjects (speciality_code, subject_id, subject_status) VALUES ('171', 3, 'optional');
INSERT INTO public.specialities_subjects (speciality_code, subject_id, subject_status) VALUES ('171', 18, 'optional');
INSERT INTO public.specialities_subjects (speciality_code, subject_id, subject_status) VALUES ('171', 19, 'optional');
INSERT INTO public.specialities_subjects (speciality_code, subject_id, subject_status) VALUES ('171', 21, 'optional');
INSERT INTO public.specialities_subjects (speciality_code, subject_id, subject_status) VALUES ('171', 22, 'optional');
INSERT INTO public.specialities_subjects (speciality_code, subject_id, subject_status) VALUES ('172', 1, 'main');
INSERT INTO public.specialities_subjects (speciality_code, subject_id, subject_status) VALUES ('172', 14, 'mandatory');
INSERT INTO public.specialities_subjects (speciality_code, subject_id, subject_status) VALUES ('172', 6, 'optional');
INSERT INTO public.specialities_subjects (speciality_code, subject_id, subject_status) VALUES ('172', 3, 'optional');
INSERT INTO public.specialities_subjects (speciality_code, subject_id, subject_status) VALUES ('172', 18, 'optional');
INSERT INTO public.specialities_subjects (speciality_code, subject_id, subject_status) VALUES ('172', 19, 'optional');
INSERT INTO public.specialities_subjects (speciality_code, subject_id, subject_status) VALUES ('172', 21, 'optional');
INSERT INTO public.specialities_subjects (speciality_code, subject_id, subject_status) VALUES ('172', 22, 'optional');
INSERT INTO public.specialities_subjects (speciality_code, subject_id, subject_status) VALUES ('173', 1, 'main');
INSERT INTO public.specialities_subjects (speciality_code, subject_id, subject_status) VALUES ('173', 14, 'mandatory');
INSERT INTO public.specialities_subjects (speciality_code, subject_id, subject_status) VALUES ('173', 6, 'optional');
INSERT INTO public.specialities_subjects (speciality_code, subject_id, subject_status) VALUES ('173', 3, 'optional');
INSERT INTO public.specialities_subjects (speciality_code, subject_id, subject_status) VALUES ('173', 18, 'optional');
INSERT INTO public.specialities_subjects (speciality_code, subject_id, subject_status) VALUES ('173', 19, 'optional');
INSERT INTO public.specialities_subjects (speciality_code, subject_id, subject_status) VALUES ('173', 21, 'optional');
INSERT INTO public.specialities_subjects (speciality_code, subject_id, subject_status) VALUES ('173', 22, 'optional');
INSERT INTO public.specialities_subjects (speciality_code, subject_id, subject_status) VALUES ('181', 1, 'main');
INSERT INTO public.specialities_subjects (speciality_code, subject_id, subject_status) VALUES ('181', 14, 'mandatory');
INSERT INTO public.specialities_subjects (speciality_code, subject_id, subject_status) VALUES ('181', 6, 'optional');
INSERT INTO public.specialities_subjects (speciality_code, subject_id, subject_status) VALUES ('181', 3, 'optional');
INSERT INTO public.specialities_subjects (speciality_code, subject_id, subject_status) VALUES ('181', 18, 'optional');
INSERT INTO public.specialities_subjects (speciality_code, subject_id, subject_status) VALUES ('181', 19, 'optional');
INSERT INTO public.specialities_subjects (speciality_code, subject_id, subject_status) VALUES ('181', 21, 'optional');
INSERT INTO public.specialities_subjects (speciality_code, subject_id, subject_status) VALUES ('181', 22, 'optional');
INSERT INTO public.specialities_subjects (speciality_code, subject_id, subject_status) VALUES ('182', 1, 'main');
INSERT INTO public.specialities_subjects (speciality_code, subject_id, subject_status) VALUES ('182', 14, 'mandatory');
INSERT INTO public.specialities_subjects (speciality_code, subject_id, subject_status) VALUES ('182', 6, 'optional');
INSERT INTO public.specialities_subjects (speciality_code, subject_id, subject_status) VALUES ('182', 3, 'optional');
INSERT INTO public.specialities_subjects (speciality_code, subject_id, subject_status) VALUES ('182', 18, 'optional');
INSERT INTO public.specialities_subjects (speciality_code, subject_id, subject_status) VALUES ('182', 19, 'optional');
INSERT INTO public.specialities_subjects (speciality_code, subject_id, subject_status) VALUES ('182', 21, 'optional');
INSERT INTO public.specialities_subjects (speciality_code, subject_id, subject_status) VALUES ('182', 22, 'optional');
INSERT INTO public.specialities_subjects (speciality_code, subject_id, subject_status) VALUES ('183', 1, 'main');
INSERT INTO public.specialities_subjects (speciality_code, subject_id, subject_status) VALUES ('183', 14, 'mandatory');
INSERT INTO public.specialities_subjects (speciality_code, subject_id, subject_status) VALUES ('183', 6, 'optional');
INSERT INTO public.specialities_subjects (speciality_code, subject_id, subject_status) VALUES ('183', 3, 'optional');
INSERT INTO public.specialities_subjects (speciality_code, subject_id, subject_status) VALUES ('183', 18, 'optional');
INSERT INTO public.specialities_subjects (speciality_code, subject_id, subject_status) VALUES ('183', 19, 'optional');
INSERT INTO public.specialities_subjects (speciality_code, subject_id, subject_status) VALUES ('183', 21, 'optional');
INSERT INTO public.specialities_subjects (speciality_code, subject_id, subject_status) VALUES ('183', 22, 'optional');
INSERT INTO public.specialities_subjects (speciality_code, subject_id, subject_status) VALUES ('184', 1, 'main');
INSERT INTO public.specialities_subjects (speciality_code, subject_id, subject_status) VALUES ('184', 14, 'mandatory');
INSERT INTO public.specialities_subjects (speciality_code, subject_id, subject_status) VALUES ('184', 6, 'optional');
INSERT INTO public.specialities_subjects (speciality_code, subject_id, subject_status) VALUES ('184', 3, 'optional');
INSERT INTO public.specialities_subjects (speciality_code, subject_id, subject_status) VALUES ('184', 18, 'optional');
INSERT INTO public.specialities_subjects (speciality_code, subject_id, subject_status) VALUES ('184', 19, 'optional');
INSERT INTO public.specialities_subjects (speciality_code, subject_id, subject_status) VALUES ('184', 21, 'optional');
INSERT INTO public.specialities_subjects (speciality_code, subject_id, subject_status) VALUES ('184', 22, 'optional');
INSERT INTO public.specialities_subjects (speciality_code, subject_id, subject_status) VALUES ('185', 1, 'main');
INSERT INTO public.specialities_subjects (speciality_code, subject_id, subject_status) VALUES ('185', 14, 'mandatory');
INSERT INTO public.specialities_subjects (speciality_code, subject_id, subject_status) VALUES ('185', 6, 'optional');
INSERT INTO public.specialities_subjects (speciality_code, subject_id, subject_status) VALUES ('185', 3, 'optional');
INSERT INTO public.specialities_subjects (speciality_code, subject_id, subject_status) VALUES ('185', 18, 'optional');
INSERT INTO public.specialities_subjects (speciality_code, subject_id, subject_status) VALUES ('185', 19, 'optional');
INSERT INTO public.specialities_subjects (speciality_code, subject_id, subject_status) VALUES ('185', 21, 'optional');
INSERT INTO public.specialities_subjects (speciality_code, subject_id, subject_status) VALUES ('185', 22, 'optional');
INSERT INTO public.specialities_subjects (speciality_code, subject_id, subject_status) VALUES ('186', 1, 'main');
INSERT INTO public.specialities_subjects (speciality_code, subject_id, subject_status) VALUES ('186', 14, 'mandatory');
INSERT INTO public.specialities_subjects (speciality_code, subject_id, subject_status) VALUES ('186', 6, 'optional');
INSERT INTO public.specialities_subjects (speciality_code, subject_id, subject_status) VALUES ('186', 3, 'optional');
INSERT INTO public.specialities_subjects (speciality_code, subject_id, subject_status) VALUES ('186', 18, 'optional');
INSERT INTO public.specialities_subjects (speciality_code, subject_id, subject_status) VALUES ('186', 19, 'optional');
INSERT INTO public.specialities_subjects (speciality_code, subject_id, subject_status) VALUES ('186', 21, 'optional');
INSERT INTO public.specialities_subjects (speciality_code, subject_id, subject_status) VALUES ('186', 22, 'optional');
INSERT INTO public.specialities_subjects (speciality_code, subject_id, subject_status) VALUES ('187', 1, 'main');
INSERT INTO public.specialities_subjects (speciality_code, subject_id, subject_status) VALUES ('187', 14, 'mandatory');
INSERT INTO public.specialities_subjects (speciality_code, subject_id, subject_status) VALUES ('187', 6, 'optional');
INSERT INTO public.specialities_subjects (speciality_code, subject_id, subject_status) VALUES ('187', 3, 'optional');
INSERT INTO public.specialities_subjects (speciality_code, subject_id, subject_status) VALUES ('187', 18, 'optional');
INSERT INTO public.specialities_subjects (speciality_code, subject_id, subject_status) VALUES ('187', 19, 'optional');
INSERT INTO public.specialities_subjects (speciality_code, subject_id, subject_status) VALUES ('187', 21, 'optional');
INSERT INTO public.specialities_subjects (speciality_code, subject_id, subject_status) VALUES ('187', 22, 'optional');
INSERT INTO public.specialities_subjects (speciality_code, subject_id, subject_status) VALUES ('191', 29, 'main');
INSERT INTO public.specialities_subjects (speciality_code, subject_id, subject_status) VALUES ('191', 14, 'mandatory');
INSERT INTO public.specialities_subjects (speciality_code, subject_id, subject_status) VALUES ('191', 999, 'optional');
INSERT INTO public.specialities_subjects (speciality_code, subject_id, subject_status) VALUES ('192', 1, 'main');
INSERT INTO public.specialities_subjects (speciality_code, subject_id, subject_status) VALUES ('192', 14, 'mandatory');
INSERT INTO public.specialities_subjects (speciality_code, subject_id, subject_status) VALUES ('192', 6, 'optional');
INSERT INTO public.specialities_subjects (speciality_code, subject_id, subject_status) VALUES ('192', 3, 'optional');
INSERT INTO public.specialities_subjects (speciality_code, subject_id, subject_status) VALUES ('192', 18, 'optional');
INSERT INTO public.specialities_subjects (speciality_code, subject_id, subject_status) VALUES ('192', 19, 'optional');
INSERT INTO public.specialities_subjects (speciality_code, subject_id, subject_status) VALUES ('192', 21, 'optional');
INSERT INTO public.specialities_subjects (speciality_code, subject_id, subject_status) VALUES ('192', 22, 'optional');
INSERT INTO public.specialities_subjects (speciality_code, subject_id, subject_status) VALUES ('193', 1, 'main');
INSERT INTO public.specialities_subjects (speciality_code, subject_id, subject_status) VALUES ('193', 14, 'mandatory');
INSERT INTO public.specialities_subjects (speciality_code, subject_id, subject_status) VALUES ('193', 6, 'optional');
INSERT INTO public.specialities_subjects (speciality_code, subject_id, subject_status) VALUES ('193', 3, 'optional');
INSERT INTO public.specialities_subjects (speciality_code, subject_id, subject_status) VALUES ('193', 18, 'optional');
INSERT INTO public.specialities_subjects (speciality_code, subject_id, subject_status) VALUES ('193', 19, 'optional');
INSERT INTO public.specialities_subjects (speciality_code, subject_id, subject_status) VALUES ('193', 21, 'optional');
INSERT INTO public.specialities_subjects (speciality_code, subject_id, subject_status) VALUES ('193', 22, 'optional');
INSERT INTO public.specialities_subjects (speciality_code, subject_id, subject_status) VALUES ('194', 1, 'main');
INSERT INTO public.specialities_subjects (speciality_code, subject_id, subject_status) VALUES ('194', 14, 'mandatory');
INSERT INTO public.specialities_subjects (speciality_code, subject_id, subject_status) VALUES ('194', 6, 'optional');
INSERT INTO public.specialities_subjects (speciality_code, subject_id, subject_status) VALUES ('194', 3, 'optional');
INSERT INTO public.specialities_subjects (speciality_code, subject_id, subject_status) VALUES ('194', 18, 'optional');
INSERT INTO public.specialities_subjects (speciality_code, subject_id, subject_status) VALUES ('194', 19, 'optional');
INSERT INTO public.specialities_subjects (speciality_code, subject_id, subject_status) VALUES ('194', 21, 'optional');
INSERT INTO public.specialities_subjects (speciality_code, subject_id, subject_status) VALUES ('194', 22, 'optional');
INSERT INTO public.specialities_subjects (speciality_code, subject_id, subject_status) VALUES ('201', 1, 'main');
INSERT INTO public.specialities_subjects (speciality_code, subject_id, subject_status) VALUES ('201', 18, 'mandatory');
INSERT INTO public.specialities_subjects (speciality_code, subject_id, subject_status) VALUES ('201', 6, 'optional');
INSERT INTO public.specialities_subjects (speciality_code, subject_id, subject_status) VALUES ('201', 14, 'optional');
INSERT INTO public.specialities_subjects (speciality_code, subject_id, subject_status) VALUES ('201', 3, 'optional');
INSERT INTO public.specialities_subjects (speciality_code, subject_id, subject_status) VALUES ('201', 19, 'optional');
INSERT INTO public.specialities_subjects (speciality_code, subject_id, subject_status) VALUES ('201', 21, 'optional');
INSERT INTO public.specialities_subjects (speciality_code, subject_id, subject_status) VALUES ('201', 22, 'optional');
INSERT INTO public.specialities_subjects (speciality_code, subject_id, subject_status) VALUES ('202', 1, 'main');
INSERT INTO public.specialities_subjects (speciality_code, subject_id, subject_status) VALUES ('202', 18, 'mandatory');
INSERT INTO public.specialities_subjects (speciality_code, subject_id, subject_status) VALUES ('202', 6, 'optional');
INSERT INTO public.specialities_subjects (speciality_code, subject_id, subject_status) VALUES ('202', 14, 'optional');
INSERT INTO public.specialities_subjects (speciality_code, subject_id, subject_status) VALUES ('202', 3, 'optional');
INSERT INTO public.specialities_subjects (speciality_code, subject_id, subject_status) VALUES ('202', 19, 'optional');
INSERT INTO public.specialities_subjects (speciality_code, subject_id, subject_status) VALUES ('202', 21, 'optional');
INSERT INTO public.specialities_subjects (speciality_code, subject_id, subject_status) VALUES ('202', 22, 'optional');
INSERT INTO public.specialities_subjects (speciality_code, subject_id, subject_status) VALUES ('203', 1, 'main');
INSERT INTO public.specialities_subjects (speciality_code, subject_id, subject_status) VALUES ('203', 18, 'mandatory');
INSERT INTO public.specialities_subjects (speciality_code, subject_id, subject_status) VALUES ('203', 6, 'optional');
INSERT INTO public.specialities_subjects (speciality_code, subject_id, subject_status) VALUES ('203', 14, 'optional');
INSERT INTO public.specialities_subjects (speciality_code, subject_id, subject_status) VALUES ('203', 3, 'optional');
INSERT INTO public.specialities_subjects (speciality_code, subject_id, subject_status) VALUES ('203', 19, 'optional');
INSERT INTO public.specialities_subjects (speciality_code, subject_id, subject_status) VALUES ('203', 21, 'optional');
INSERT INTO public.specialities_subjects (speciality_code, subject_id, subject_status) VALUES ('203', 22, 'optional');
INSERT INTO public.specialities_subjects (speciality_code, subject_id, subject_status) VALUES ('204', 1, 'main');
INSERT INTO public.specialities_subjects (speciality_code, subject_id, subject_status) VALUES ('204', 18, 'mandatory');
INSERT INTO public.specialities_subjects (speciality_code, subject_id, subject_status) VALUES ('204', 6, 'optional');
INSERT INTO public.specialities_subjects (speciality_code, subject_id, subject_status) VALUES ('204', 14, 'optional');
INSERT INTO public.specialities_subjects (speciality_code, subject_id, subject_status) VALUES ('204', 3, 'optional');
INSERT INTO public.specialities_subjects (speciality_code, subject_id, subject_status) VALUES ('204', 19, 'optional');
INSERT INTO public.specialities_subjects (speciality_code, subject_id, subject_status) VALUES ('204', 21, 'optional');
INSERT INTO public.specialities_subjects (speciality_code, subject_id, subject_status) VALUES ('204', 22, 'optional');
INSERT INTO public.specialities_subjects (speciality_code, subject_id, subject_status) VALUES ('205', 1, 'main');
INSERT INTO public.specialities_subjects (speciality_code, subject_id, subject_status) VALUES ('205', 14, 'mandatory');
INSERT INTO public.specialities_subjects (speciality_code, subject_id, subject_status) VALUES ('205', 6, 'optional');
INSERT INTO public.specialities_subjects (speciality_code, subject_id, subject_status) VALUES ('205', 3, 'optional');
INSERT INTO public.specialities_subjects (speciality_code, subject_id, subject_status) VALUES ('205', 18, 'optional');
INSERT INTO public.specialities_subjects (speciality_code, subject_id, subject_status) VALUES ('205', 19, 'optional');
INSERT INTO public.specialities_subjects (speciality_code, subject_id, subject_status) VALUES ('205', 21, 'optional');
INSERT INTO public.specialities_subjects (speciality_code, subject_id, subject_status) VALUES ('205', 22, 'optional');
INSERT INTO public.specialities_subjects (speciality_code, subject_id, subject_status) VALUES ('206', 1, 'main');
INSERT INTO public.specialities_subjects (speciality_code, subject_id, subject_status) VALUES ('206', 14, 'mandatory');
INSERT INTO public.specialities_subjects (speciality_code, subject_id, subject_status) VALUES ('206', 6, 'optional');
INSERT INTO public.specialities_subjects (speciality_code, subject_id, subject_status) VALUES ('206', 3, 'optional');
INSERT INTO public.specialities_subjects (speciality_code, subject_id, subject_status) VALUES ('206', 18, 'optional');
INSERT INTO public.specialities_subjects (speciality_code, subject_id, subject_status) VALUES ('206', 19, 'optional');
INSERT INTO public.specialities_subjects (speciality_code, subject_id, subject_status) VALUES ('206', 21, 'optional');
INSERT INTO public.specialities_subjects (speciality_code, subject_id, subject_status) VALUES ('206', 22, 'optional');
INSERT INTO public.specialities_subjects (speciality_code, subject_id, subject_status) VALUES ('207', 1, 'main');
INSERT INTO public.specialities_subjects (speciality_code, subject_id, subject_status) VALUES ('207', 18, 'mandatory');
INSERT INTO public.specialities_subjects (speciality_code, subject_id, subject_status) VALUES ('207', 6, 'optional');
INSERT INTO public.specialities_subjects (speciality_code, subject_id, subject_status) VALUES ('207', 14, 'optional');
INSERT INTO public.specialities_subjects (speciality_code, subject_id, subject_status) VALUES ('207', 3, 'optional');
INSERT INTO public.specialities_subjects (speciality_code, subject_id, subject_status) VALUES ('207', 19, 'optional');
INSERT INTO public.specialities_subjects (speciality_code, subject_id, subject_status) VALUES ('207', 21, 'optional');
INSERT INTO public.specialities_subjects (speciality_code, subject_id, subject_status) VALUES ('207', 22, 'optional');
INSERT INTO public.specialities_subjects (speciality_code, subject_id, subject_status) VALUES ('208', 1, 'main');
INSERT INTO public.specialities_subjects (speciality_code, subject_id, subject_status) VALUES ('208', 14, 'mandatory');
INSERT INTO public.specialities_subjects (speciality_code, subject_id, subject_status) VALUES ('208', 6, 'optional');
INSERT INTO public.specialities_subjects (speciality_code, subject_id, subject_status) VALUES ('208', 3, 'optional');
INSERT INTO public.specialities_subjects (speciality_code, subject_id, subject_status) VALUES ('208', 18, 'optional');
INSERT INTO public.specialities_subjects (speciality_code, subject_id, subject_status) VALUES ('208', 19, 'optional');
INSERT INTO public.specialities_subjects (speciality_code, subject_id, subject_status) VALUES ('208', 21, 'optional');
INSERT INTO public.specialities_subjects (speciality_code, subject_id, subject_status) VALUES ('208', 22, 'optional');
INSERT INTO public.specialities_subjects (speciality_code, subject_id, subject_status) VALUES ('211', 1, 'main');
INSERT INTO public.specialities_subjects (speciality_code, subject_id, subject_status) VALUES ('211', 18, 'mandatory');
INSERT INTO public.specialities_subjects (speciality_code, subject_id, subject_status) VALUES ('211', 14, 'mandatory');
INSERT INTO public.specialities_subjects (speciality_code, subject_id, subject_status) VALUES ('211', 22, 'optional');
INSERT INTO public.specialities_subjects (speciality_code, subject_id, subject_status) VALUES ('211', 21, 'optional');
INSERT INTO public.specialities_subjects (speciality_code, subject_id, subject_status) VALUES ('212', 1, 'main');
INSERT INTO public.specialities_subjects (speciality_code, subject_id, subject_status) VALUES ('212', 18, 'mandatory');
INSERT INTO public.specialities_subjects (speciality_code, subject_id, subject_status) VALUES ('212', 14, 'mandatory');
INSERT INTO public.specialities_subjects (speciality_code, subject_id, subject_status) VALUES ('212', 22, 'optional');
INSERT INTO public.specialities_subjects (speciality_code, subject_id, subject_status) VALUES ('212', 21, 'optional');
INSERT INTO public.specialities_subjects (speciality_code, subject_id, subject_status) VALUES ('221', 1, 'main');
INSERT INTO public.specialities_subjects (speciality_code, subject_id, subject_status) VALUES ('221', 14, 'mandatory');
INSERT INTO public.specialities_subjects (speciality_code, subject_id, subject_status) VALUES ('221', 21, 'optional');
INSERT INTO public.specialities_subjects (speciality_code, subject_id, subject_status) VALUES ('221', 18, 'optional');
INSERT INTO public.specialities_subjects (speciality_code, subject_id, subject_status) VALUES ('221', 22, 'optional');
INSERT INTO public.specialities_subjects (speciality_code, subject_id, subject_status) VALUES ('222', 1, 'main');
INSERT INTO public.specialities_subjects (speciality_code, subject_id, subject_status) VALUES ('222', 14, 'mandatory');
INSERT INTO public.specialities_subjects (speciality_code, subject_id, subject_status) VALUES ('222', 21, 'optional');
INSERT INTO public.specialities_subjects (speciality_code, subject_id, subject_status) VALUES ('222', 18, 'optional');
INSERT INTO public.specialities_subjects (speciality_code, subject_id, subject_status) VALUES ('222', 22, 'optional');
INSERT INTO public.specialities_subjects (speciality_code, subject_id, subject_status) VALUES ('223', 1, 'main');
INSERT INTO public.specialities_subjects (speciality_code, subject_id, subject_status) VALUES ('223', 14, 'mandatory');
INSERT INTO public.specialities_subjects (speciality_code, subject_id, subject_status) VALUES ('223', 21, 'optional');
INSERT INTO public.specialities_subjects (speciality_code, subject_id, subject_status) VALUES ('223', 18, 'optional');
INSERT INTO public.specialities_subjects (speciality_code, subject_id, subject_status) VALUES ('223', 22, 'optional');
INSERT INTO public.specialities_subjects (speciality_code, subject_id, subject_status) VALUES ('224', 1, 'main');
INSERT INTO public.specialities_subjects (speciality_code, subject_id, subject_status) VALUES ('224', 14, 'mandatory');
INSERT INTO public.specialities_subjects (speciality_code, subject_id, subject_status) VALUES ('224', 21, 'optional');
INSERT INTO public.specialities_subjects (speciality_code, subject_id, subject_status) VALUES ('224', 18, 'optional');
INSERT INTO public.specialities_subjects (speciality_code, subject_id, subject_status) VALUES ('224', 22, 'optional');
INSERT INTO public.specialities_subjects (speciality_code, subject_id, subject_status) VALUES ('225', 1, 'main');
INSERT INTO public.specialities_subjects (speciality_code, subject_id, subject_status) VALUES ('225', 14, 'mandatory');
INSERT INTO public.specialities_subjects (speciality_code, subject_id, subject_status) VALUES ('225', 21, 'optional');
INSERT INTO public.specialities_subjects (speciality_code, subject_id, subject_status) VALUES ('225', 18, 'optional');
INSERT INTO public.specialities_subjects (speciality_code, subject_id, subject_status) VALUES ('225', 22, 'optional');
INSERT INTO public.specialities_subjects (speciality_code, subject_id, subject_status) VALUES ('226', 1, 'main');
INSERT INTO public.specialities_subjects (speciality_code, subject_id, subject_status) VALUES ('226', 14, 'mandatory');
INSERT INTO public.specialities_subjects (speciality_code, subject_id, subject_status) VALUES ('226', 21, 'optional');
INSERT INTO public.specialities_subjects (speciality_code, subject_id, subject_status) VALUES ('226', 18, 'optional');
INSERT INTO public.specialities_subjects (speciality_code, subject_id, subject_status) VALUES ('226', 22, 'optional');
INSERT INTO public.specialities_subjects (speciality_code, subject_id, subject_status) VALUES ('227', 1, 'main');
INSERT INTO public.specialities_subjects (speciality_code, subject_id, subject_status) VALUES ('227', 14, 'mandatory');
INSERT INTO public.specialities_subjects (speciality_code, subject_id, subject_status) VALUES ('227', 21, 'optional');
INSERT INTO public.specialities_subjects (speciality_code, subject_id, subject_status) VALUES ('227', 18, 'optional');
INSERT INTO public.specialities_subjects (speciality_code, subject_id, subject_status) VALUES ('227', 22, 'optional');
INSERT INTO public.specialities_subjects (speciality_code, subject_id, subject_status) VALUES ('228', 1, 'main');
INSERT INTO public.specialities_subjects (speciality_code, subject_id, subject_status) VALUES ('228', 14, 'mandatory');
INSERT INTO public.specialities_subjects (speciality_code, subject_id, subject_status) VALUES ('228', 21, 'optional');
INSERT INTO public.specialities_subjects (speciality_code, subject_id, subject_status) VALUES ('228', 18, 'optional');
INSERT INTO public.specialities_subjects (speciality_code, subject_id, subject_status) VALUES ('228', 22, 'optional');
INSERT INTO public.specialities_subjects (speciality_code, subject_id, subject_status) VALUES ('229', 1, 'main');
INSERT INTO public.specialities_subjects (speciality_code, subject_id, subject_status) VALUES ('229', 14, 'mandatory');
INSERT INTO public.specialities_subjects (speciality_code, subject_id, subject_status) VALUES ('229', 21, 'optional');
INSERT INTO public.specialities_subjects (speciality_code, subject_id, subject_status) VALUES ('229', 18, 'optional');
INSERT INTO public.specialities_subjects (speciality_code, subject_id, subject_status) VALUES ('229', 22, 'optional');
INSERT INTO public.specialities_subjects (speciality_code, subject_id, subject_status) VALUES ('231', 29, 'main');
INSERT INTO public.specialities_subjects (speciality_code, subject_id, subject_status) VALUES ('231', 6, 'mandatory');
INSERT INTO public.specialities_subjects (speciality_code, subject_id, subject_status) VALUES ('231', 14, 'optional');
INSERT INTO public.specialities_subjects (speciality_code, subject_id, subject_status) VALUES ('231', 3, 'optional');
INSERT INTO public.specialities_subjects (speciality_code, subject_id, subject_status) VALUES ('231', 18, 'optional');
INSERT INTO public.specialities_subjects (speciality_code, subject_id, subject_status) VALUES ('231', 19, 'optional');
INSERT INTO public.specialities_subjects (speciality_code, subject_id, subject_status) VALUES ('231', 21, 'optional');
INSERT INTO public.specialities_subjects (speciality_code, subject_id, subject_status) VALUES ('231', 22, 'optional');
INSERT INTO public.specialities_subjects (speciality_code, subject_id, subject_status) VALUES ('232', 29, 'main');
INSERT INTO public.specialities_subjects (speciality_code, subject_id, subject_status) VALUES ('232', 6, 'mandatory');
INSERT INTO public.specialities_subjects (speciality_code, subject_id, subject_status) VALUES ('232', 14, 'optional');
INSERT INTO public.specialities_subjects (speciality_code, subject_id, subject_status) VALUES ('232', 3, 'optional');
INSERT INTO public.specialities_subjects (speciality_code, subject_id, subject_status) VALUES ('232', 18, 'optional');
INSERT INTO public.specialities_subjects (speciality_code, subject_id, subject_status) VALUES ('232', 19, 'optional');
INSERT INTO public.specialities_subjects (speciality_code, subject_id, subject_status) VALUES ('232', 21, 'optional');
INSERT INTO public.specialities_subjects (speciality_code, subject_id, subject_status) VALUES ('232', 22, 'optional');
INSERT INTO public.specialities_subjects (speciality_code, subject_id, subject_status) VALUES ('241', 29, 'main');
INSERT INTO public.specialities_subjects (speciality_code, subject_id, subject_status) VALUES ('241', 3, 'mandatory');
INSERT INTO public.specialities_subjects (speciality_code, subject_id, subject_status) VALUES ('241', 6, 'optional');
INSERT INTO public.specialities_subjects (speciality_code, subject_id, subject_status) VALUES ('241', 14, 'optional');
INSERT INTO public.specialities_subjects (speciality_code, subject_id, subject_status) VALUES ('241', 18, 'optional');
INSERT INTO public.specialities_subjects (speciality_code, subject_id, subject_status) VALUES ('241', 19, 'optional');
INSERT INTO public.specialities_subjects (speciality_code, subject_id, subject_status) VALUES ('241', 21, 'optional');
INSERT INTO public.specialities_subjects (speciality_code, subject_id, subject_status) VALUES ('241', 22, 'optional');
INSERT INTO public.specialities_subjects (speciality_code, subject_id, subject_status) VALUES ('242', 29, 'main');
INSERT INTO public.specialities_subjects (speciality_code, subject_id, subject_status) VALUES ('242', 3, 'mandatory');
INSERT INTO public.specialities_subjects (speciality_code, subject_id, subject_status) VALUES ('242', 6, 'optional');
INSERT INTO public.specialities_subjects (speciality_code, subject_id, subject_status) VALUES ('242', 14, 'optional');
INSERT INTO public.specialities_subjects (speciality_code, subject_id, subject_status) VALUES ('242', 18, 'optional');
INSERT INTO public.specialities_subjects (speciality_code, subject_id, subject_status) VALUES ('242', 19, 'optional');
INSERT INTO public.specialities_subjects (speciality_code, subject_id, subject_status) VALUES ('242', 21, 'optional');
INSERT INTO public.specialities_subjects (speciality_code, subject_id, subject_status) VALUES ('242', 22, 'optional');
INSERT INTO public.specialities_subjects (speciality_code, subject_id, subject_status) VALUES ('251', 1, 'main');
INSERT INTO public.specialities_subjects (speciality_code, subject_id, subject_status) VALUES ('252', 1, 'main');
INSERT INTO public.specialities_subjects (speciality_code, subject_id, subject_status) VALUES ('253', 1, 'main');
INSERT INTO public.specialities_subjects (speciality_code, subject_id, subject_status) VALUES ('254', 1, 'main');
INSERT INTO public.specialities_subjects (speciality_code, subject_id, subject_status) VALUES ('255', 1, 'main');
INSERT INTO public.specialities_subjects (speciality_code, subject_id, subject_status) VALUES ('255', 14, 'mandatory');
INSERT INTO public.specialities_subjects (speciality_code, subject_id, subject_status) VALUES ('255', 21, 'optional');
INSERT INTO public.specialities_subjects (speciality_code, subject_id, subject_status) VALUES ('255', 3, 'optional');
INSERT INTO public.specialities_subjects (speciality_code, subject_id, subject_status) VALUES ('256', 1, 'main');
INSERT INTO public.specialities_subjects (speciality_code, subject_id, subject_status) VALUES ('261', 1, 'main');
INSERT INTO public.specialities_subjects (speciality_code, subject_id, subject_status) VALUES ('261', 14, 'mandatory');
INSERT INTO public.specialities_subjects (speciality_code, subject_id, subject_status) VALUES ('261', 21, 'optional');
INSERT INTO public.specialities_subjects (speciality_code, subject_id, subject_status) VALUES ('261', 18, 'optional');
INSERT INTO public.specialities_subjects (speciality_code, subject_id, subject_status) VALUES ('262', 1, 'main');
INSERT INTO public.specialities_subjects (speciality_code, subject_id, subject_status) VALUES ('262', 6, 'mandatory');
INSERT INTO public.specialities_subjects (speciality_code, subject_id, subject_status) VALUES ('262', 999, 'optional');
INSERT INTO public.specialities_subjects (speciality_code, subject_id, subject_status) VALUES ('263', 1, 'main');
INSERT INTO public.specialities_subjects (speciality_code, subject_id, subject_status) VALUES ('263', 14, 'mandatory');
INSERT INTO public.specialities_subjects (speciality_code, subject_id, subject_status) VALUES ('263', 21, 'optional');
INSERT INTO public.specialities_subjects (speciality_code, subject_id, subject_status) VALUES ('263', 3, 'optional');
INSERT INTO public.specialities_subjects (speciality_code, subject_id, subject_status) VALUES ('271', 29, 'main');
INSERT INTO public.specialities_subjects (speciality_code, subject_id, subject_status) VALUES ('272', 1, 'main');
INSERT INTO public.specialities_subjects (speciality_code, subject_id, subject_status) VALUES ('272', 14, 'mandatory');
INSERT INTO public.specialities_subjects (speciality_code, subject_id, subject_status) VALUES ('272', 21, 'optional');
INSERT INTO public.specialities_subjects (speciality_code, subject_id, subject_status) VALUES ('272', 3, 'optional');
INSERT INTO public.specialities_subjects (speciality_code, subject_id, subject_status) VALUES ('273', 1, 'main');
INSERT INTO public.specialities_subjects (speciality_code, subject_id, subject_status) VALUES ('273', 14, 'mandatory');
INSERT INTO public.specialities_subjects (speciality_code, subject_id, subject_status) VALUES ('273', 21, 'optional');
INSERT INTO public.specialities_subjects (speciality_code, subject_id, subject_status) VALUES ('273', 3, 'optional');
INSERT INTO public.specialities_subjects (speciality_code, subject_id, subject_status) VALUES ('274', 1, 'main');
INSERT INTO public.specialities_subjects (speciality_code, subject_id, subject_status) VALUES ('274', 14, 'mandatory');
INSERT INTO public.specialities_subjects (speciality_code, subject_id, subject_status) VALUES ('274', 21, 'optional');
INSERT INTO public.specialities_subjects (speciality_code, subject_id, subject_status) VALUES ('274', 3, 'optional');
INSERT INTO public.specialities_subjects (speciality_code, subject_id, subject_status) VALUES ('275', 1, 'main');
INSERT INTO public.specialities_subjects (speciality_code, subject_id, subject_status) VALUES ('275', 14, 'mandatory');
INSERT INTO public.specialities_subjects (speciality_code, subject_id, subject_status) VALUES ('275', 21, 'optional');
INSERT INTO public.specialities_subjects (speciality_code, subject_id, subject_status) VALUES ('275', 3, 'optional');
INSERT INTO public.specialities_subjects (speciality_code, subject_id, subject_status) VALUES ('281', 29, 'main');
INSERT INTO public.specialities_subjects (speciality_code, subject_id, subject_status) VALUES ('281', 14, 'mandatory');
INSERT INTO public.specialities_subjects (speciality_code, subject_id, subject_status) VALUES ('281', 6, 'optional');
INSERT INTO public.specialities_subjects (speciality_code, subject_id, subject_status) VALUES ('281', 3, 'optional');
INSERT INTO public.specialities_subjects (speciality_code, subject_id, subject_status) VALUES ('281', 18, 'optional');
INSERT INTO public.specialities_subjects (speciality_code, subject_id, subject_status) VALUES ('281', 19, 'optional');
INSERT INTO public.specialities_subjects (speciality_code, subject_id, subject_status) VALUES ('281', 21, 'optional');
INSERT INTO public.specialities_subjects (speciality_code, subject_id, subject_status) VALUES ('281', 22, 'optional');
INSERT INTO public.specialities_subjects (speciality_code, subject_id, subject_status) VALUES ('291', 29, 'main');
INSERT INTO public.specialities_subjects (speciality_code, subject_id, subject_status) VALUES ('291', 3, 'mandatory');
INSERT INTO public.specialities_subjects (speciality_code, subject_id, subject_status) VALUES ('291', 6, 'optional');
INSERT INTO public.specialities_subjects (speciality_code, subject_id, subject_status) VALUES ('291', 14, 'optional');
INSERT INTO public.specialities_subjects (speciality_code, subject_id, subject_status) VALUES ('291', 18, 'optional');
INSERT INTO public.specialities_subjects (speciality_code, subject_id, subject_status) VALUES ('291', 19, 'optional');
INSERT INTO public.specialities_subjects (speciality_code, subject_id, subject_status) VALUES ('291', 21, 'optional');
INSERT INTO public.specialities_subjects (speciality_code, subject_id, subject_status) VALUES ('291', 22, 'optional');
INSERT INTO public.specialities_subjects (speciality_code, subject_id, subject_status) VALUES ('292', 29, 'main');
INSERT INTO public.specialities_subjects (speciality_code, subject_id, subject_status) VALUES ('292', 14, 'mandatory');
INSERT INTO public.specialities_subjects (speciality_code, subject_id, subject_status) VALUES ('292', 6, 'optional');
INSERT INTO public.specialities_subjects (speciality_code, subject_id, subject_status) VALUES ('292', 3, 'optional');
INSERT INTO public.specialities_subjects (speciality_code, subject_id, subject_status) VALUES ('292', 18, 'optional');
INSERT INTO public.specialities_subjects (speciality_code, subject_id, subject_status) VALUES ('292', 19, 'optional');
INSERT INTO public.specialities_subjects (speciality_code, subject_id, subject_status) VALUES ('292', 21, 'optional');
INSERT INTO public.specialities_subjects (speciality_code, subject_id, subject_status) VALUES ('292', 22, 'optional');
INSERT INTO public.specialities_subjects (speciality_code, subject_id, subject_status) VALUES ('293', 29, 'main');
INSERT INTO public.specialities_subjects (speciality_code, subject_id, subject_status) VALUES ('293', 3, 'mandatory');
INSERT INTO public.specialities_subjects (speciality_code, subject_id, subject_status) VALUES ('293', 6, 'optional');
INSERT INTO public.specialities_subjects (speciality_code, subject_id, subject_status) VALUES ('293', 14, 'optional');

INSERT INTO public.specialities_subjects (speciality_code, subject_id, subject_status) VALUES ('011', 29, 'main');
INSERT INTO public.specialities_subjects (speciality_code, subject_id, subject_status) VALUES ('012', 29, 'main');
INSERT INTO public.specialities_subjects (speciality_code, subject_id, subject_status) VALUES ('012', 6, 'mandatory');
INSERT INTO public.specialities_subjects (speciality_code, subject_id, subject_status) VALUES ('012', 14, 'optional');
INSERT INTO public.specialities_subjects (speciality_code, subject_id, subject_status) VALUES ('012', 3, 'optional');
INSERT INTO public.specialities_subjects (speciality_code, subject_id, subject_status) VALUES ('012', 18, 'optional');
INSERT INTO public.specialities_subjects (speciality_code, subject_id, subject_status) VALUES ('012', 19, 'optional');
INSERT INTO public.specialities_subjects (speciality_code, subject_id, subject_status) VALUES ('012', 21, 'optional');
INSERT INTO public.specialities_subjects (speciality_code, subject_id, subject_status) VALUES ('012', 22, 'optional');
INSERT INTO public.specialities_subjects (speciality_code, subject_id, subject_status) VALUES ('013', 29, 'main');
INSERT INTO public.specialities_subjects (speciality_code, subject_id, subject_status) VALUES ('013', 14, 'mandatory');
INSERT INTO public.specialities_subjects (speciality_code, subject_id, subject_status) VALUES ('013', 6, 'optional');
INSERT INTO public.specialities_subjects (speciality_code, subject_id, subject_status) VALUES ('013', 3, 'optional');
INSERT INTO public.specialities_subjects (speciality_code, subject_id, subject_status) VALUES ('013', 18, 'optional');
INSERT INTO public.specialities_subjects (speciality_code, subject_id, subject_status) VALUES ('013', 19, 'optional');
INSERT INTO public.specialities_subjects (speciality_code, subject_id, subject_status) VALUES ('013', 21, 'optional');
INSERT INTO public.specialities_subjects (speciality_code, subject_id, subject_status) VALUES ('013', 22, 'optional');
INSERT INTO public.specialities_subjects (speciality_code, subject_id, subject_status) VALUES ('014.01', 29, 'main');
INSERT INTO public.specialities_subjects (speciality_code, subject_id, subject_status) VALUES ('014.01', 6, 'mandatory');
INSERT INTO public.specialities_subjects (speciality_code, subject_id, subject_status) VALUES ('014.01', 14, 'optional');
INSERT INTO public.specialities_subjects (speciality_code, subject_id, subject_status) VALUES ('014.01', 3, 'optional');
INSERT INTO public.specialities_subjects (speciality_code, subject_id, subject_status) VALUES ('014.01', 18, 'optional');
INSERT INTO public.specialities_subjects (speciality_code, subject_id, subject_status) VALUES ('014.01', 19, 'optional');
INSERT INTO public.specialities_subjects (speciality_code, subject_id, subject_status) VALUES ('014.01', 21, 'optional');
INSERT INTO public.specialities_subjects (speciality_code, subject_id, subject_status) VALUES ('014.01', 22, 'optional');

INSERT INTO public.specialities_subjects (speciality_code, subject_id, subject_status) VALUES ('014.02', 29, 'main');
INSERT INTO public.specialities_subjects (speciality_code, subject_id, subject_status) VALUES ('014.02', 3, 'mandatory');
INSERT INTO public.specialities_subjects (speciality_code, subject_id, subject_status) VALUES ('014.02', 6, 'optional');
INSERT INTO public.specialities_subjects (speciality_code, subject_id, subject_status) VALUES ('014.02', 14, 'optional');
INSERT INTO public.specialities_subjects (speciality_code, subject_id, subject_status) VALUES ('014.02', 18, 'optional');
INSERT INTO public.specialities_subjects (speciality_code, subject_id, subject_status) VALUES ('014.02', 19, 'optional');
INSERT INTO public.specialities_subjects (speciality_code, subject_id, subject_status) VALUES ('014.02', 21, 'optional');
INSERT INTO public.specialities_subjects (speciality_code, subject_id, subject_status) VALUES ('014.02', 22, 'optional');
INSERT INTO public.specialities_subjects (speciality_code, subject_id, subject_status) VALUES ('014.03', 29, 'main');
INSERT INTO public.specialities_subjects (speciality_code, subject_id, subject_status) VALUES ('014.03', 6, 'mandatory');
INSERT INTO public.specialities_subjects (speciality_code, subject_id, subject_status) VALUES ('014.03', 14, 'optional');
INSERT INTO public.specialities_subjects (speciality_code, subject_id, subject_status) VALUES ('014.03', 3, 'optional');
INSERT INTO public.specialities_subjects (speciality_code, subject_id, subject_status) VALUES ('014.03', 18, 'optional');
INSERT INTO public.specialities_subjects (speciality_code, subject_id, subject_status) VALUES ('014.03', 19, 'optional');
INSERT INTO public.specialities_subjects (speciality_code, subject_id, subject_status) VALUES ('014.03', 21, 'optional');
INSERT INTO public.specialities_subjects (speciality_code, subject_id, subject_status) VALUES ('014.03', 22, 'optional');
INSERT INTO public.specialities_subjects (speciality_code, subject_id, subject_status) VALUES ('014.04', 1, 'main');
INSERT INTO public.specialities_subjects (speciality_code, subject_id, subject_status) VALUES ('014.04', 14, 'mandatory');
INSERT INTO public.specialities_subjects (speciality_code, subject_id, subject_status) VALUES ('014.04', 6, 'optional');
INSERT INTO public.specialities_subjects (speciality_code, subject_id, subject_status) VALUES ('014.04', 3, 'optional');
INSERT INTO public.specialities_subjects (speciality_code, subject_id, subject_status) VALUES ('014.04', 18, 'optional');
INSERT INTO public.specialities_subjects (speciality_code, subject_id, subject_status) VALUES ('014.04', 19, 'optional');
INSERT INTO public.specialities_subjects (speciality_code, subject_id, subject_status) VALUES ('014.04', 21, 'optional');
INSERT INTO public.specialities_subjects (speciality_code, subject_id, subject_status) VALUES ('014.04', 22, 'optional');
INSERT INTO public.specialities_subjects (speciality_code, subject_id, subject_status) VALUES ('014.05', 1, 'main');
INSERT INTO public.specialities_subjects (speciality_code, subject_id, subject_status) VALUES ('014.05', 18, 'mandatory');
INSERT INTO public.specialities_subjects (speciality_code, subject_id, subject_status) VALUES ('014.05', 6, 'optional');
INSERT INTO public.specialities_subjects (speciality_code, subject_id, subject_status) VALUES ('014.05', 14, 'optional');
INSERT INTO public.specialities_subjects (speciality_code, subject_id, subject_status) VALUES ('014.05', 3, 'optional');
INSERT INTO public.specialities_subjects (speciality_code, subject_id, subject_status) VALUES ('014.05', 19, 'optional');
INSERT INTO public.specialities_subjects (speciality_code, subject_id, subject_status) VALUES ('014.05', 21, 'optional');
INSERT INTO public.specialities_subjects (speciality_code, subject_id, subject_status) VALUES ('014.05', 22, 'optional');
INSERT INTO public.specialities_subjects (speciality_code, subject_id, subject_status) VALUES ('014.06', 1, 'main');
INSERT INTO public.specialities_subjects (speciality_code, subject_id, subject_status) VALUES ('014.06', 22, 'mandatory');
INSERT INTO public.specialities_subjects (speciality_code, subject_id, subject_status) VALUES ('014.06', 6, 'optional');
INSERT INTO public.specialities_subjects (speciality_code, subject_id, subject_status) VALUES ('014.06', 14, 'optional');
INSERT INTO public.specialities_subjects (speciality_code, subject_id, subject_status) VALUES ('014.06', 3, 'optional');
INSERT INTO public.specialities_subjects (speciality_code, subject_id, subject_status) VALUES ('014.06', 18, 'optional');
INSERT INTO public.specialities_subjects (speciality_code, subject_id, subject_status) VALUES ('014.06', 19, 'optional');
INSERT INTO public.specialities_subjects (speciality_code, subject_id, subject_status) VALUES ('014.06', 21, 'optional');
INSERT INTO public.specialities_subjects (speciality_code, subject_id, subject_status) VALUES ('014.07', 29, 'main');
INSERT INTO public.specialities_subjects (speciality_code, subject_id, subject_status) VALUES ('014.07', 19, 'mandatory');
INSERT INTO public.specialities_subjects (speciality_code, subject_id, subject_status) VALUES ('014.07', 6, 'optional');
INSERT INTO public.specialities_subjects (speciality_code, subject_id, subject_status) VALUES ('014.07', 14, 'optional');
INSERT INTO public.specialities_subjects (speciality_code, subject_id, subject_status) VALUES ('014.07', 3, 'optional');
INSERT INTO public.specialities_subjects (speciality_code, subject_id, subject_status) VALUES ('014.07', 18, 'optional');
INSERT INTO public.specialities_subjects (speciality_code, subject_id, subject_status) VALUES ('014.07', 21, 'optional');
INSERT INTO public.specialities_subjects (speciality_code, subject_id, subject_status) VALUES ('014.07', 22, 'optional');
INSERT INTO public.specialities_subjects (speciality_code, subject_id, subject_status) VALUES ('014.08', 1, 'main');
INSERT INTO public.specialities_subjects (speciality_code, subject_id, subject_status) VALUES ('014.08', 14, 'mandatory');
INSERT INTO public.specialities_subjects (speciality_code, subject_id, subject_status) VALUES ('014.08', 6, 'optional');
INSERT INTO public.specialities_subjects (speciality_code, subject_id, subject_status) VALUES ('014.08', 3, 'optional');
INSERT INTO public.specialities_subjects (speciality_code, subject_id, subject_status) VALUES ('014.08', 18, 'optional');
INSERT INTO public.specialities_subjects (speciality_code, subject_id, subject_status) VALUES ('014.08', 19, 'optional');
INSERT INTO public.specialities_subjects (speciality_code, subject_id, subject_status) VALUES ('014.08', 21, 'optional');
INSERT INTO public.specialities_subjects (speciality_code, subject_id, subject_status) VALUES ('014.08', 22, 'optional');
INSERT INTO public.specialities_subjects (speciality_code, subject_id, subject_status) VALUES ('014.09', 1, 'main');
INSERT INTO public.specialities_subjects (speciality_code, subject_id, subject_status) VALUES ('014.09', 14, 'mandatory');
INSERT INTO public.specialities_subjects (speciality_code, subject_id, subject_status) VALUES ('014.09', 6, 'optional');
INSERT INTO public.specialities_subjects (speciality_code, subject_id, subject_status) VALUES ('014.09', 3, 'optional');
INSERT INTO public.specialities_subjects (speciality_code, subject_id, subject_status) VALUES ('014.09', 18, 'optional');
INSERT INTO public.specialities_subjects (speciality_code, subject_id, subject_status) VALUES ('014.09', 19, 'optional');
INSERT INTO public.specialities_subjects (speciality_code, subject_id, subject_status) VALUES ('014.09', 21, 'optional');
INSERT INTO public.specialities_subjects (speciality_code, subject_id, subject_status) VALUES ('014.09', 22, 'optional');
INSERT INTO public.specialities_subjects (speciality_code, subject_id, subject_status) VALUES ('014.10', 1, 'main');
INSERT INTO public.specialities_subjects (speciality_code, subject_id, subject_status) VALUES ('014.10', 14, 'mandatory');
INSERT INTO public.specialities_subjects (speciality_code, subject_id, subject_status) VALUES ('014.10', 6, 'optional');
INSERT INTO public.specialities_subjects (speciality_code, subject_id, subject_status) VALUES ('014.10', 3, 'optional');
INSERT INTO public.specialities_subjects (speciality_code, subject_id, subject_status) VALUES ('014.10', 18, 'optional');
INSERT INTO public.specialities_subjects (speciality_code, subject_id, subject_status) VALUES ('014.10', 19, 'optional');
INSERT INTO public.specialities_subjects (speciality_code, subject_id, subject_status) VALUES ('014.10', 21, 'optional');
INSERT INTO public.specialities_subjects (speciality_code, subject_id, subject_status) VALUES ('014.10', 22, 'optional');
INSERT INTO public.specialities_subjects (speciality_code, subject_id, subject_status) VALUES ('014.11', 1, 'main');
INSERT INTO public.specialities_subjects (speciality_code, subject_id, subject_status) VALUES ('014.11', 18, 'mandatory');
INSERT INTO public.specialities_subjects (speciality_code, subject_id, subject_status) VALUES ('014.11', 6, 'optional');
INSERT INTO public.specialities_subjects (speciality_code, subject_id, subject_status) VALUES ('014.11', 14, 'optional');
INSERT INTO public.specialities_subjects (speciality_code, subject_id, subject_status) VALUES ('014.11', 3, 'optional');
INSERT INTO public.specialities_subjects (speciality_code, subject_id, subject_status) VALUES ('014.11', 19, 'optional');
INSERT INTO public.specialities_subjects (speciality_code, subject_id, subject_status) VALUES ('014.11', 21, 'optional');
INSERT INTO public.specialities_subjects (speciality_code, subject_id, subject_status) VALUES ('014.11', 22, 'optional');
INSERT INTO public.specialities_subjects (speciality_code, subject_id, subject_status) VALUES ('014.12', 29, 'main');
INSERT INTO public.specialities_subjects (speciality_code, subject_id, subject_status) VALUES ('014.12', 6, 'mandatory');
INSERT INTO public.specialities_subjects (speciality_code, subject_id, subject_status) VALUES ('014.12', 14, 'optional');
INSERT INTO public.specialities_subjects (speciality_code, subject_id, subject_status) VALUES ('014.12', 3, 'optional');
INSERT INTO public.specialities_subjects (speciality_code, subject_id, subject_status) VALUES ('014.12', 18, 'optional');
INSERT INTO public.specialities_subjects (speciality_code, subject_id, subject_status) VALUES ('014.12', 19, 'optional');
INSERT INTO public.specialities_subjects (speciality_code, subject_id, subject_status) VALUES ('014.12', 21, 'optional');
INSERT INTO public.specialities_subjects (speciality_code, subject_id, subject_status) VALUES ('014.12', 22, 'optional');
INSERT INTO public.specialities_subjects (speciality_code, subject_id, subject_status) VALUES ('014.13', 29, 'main');
INSERT INTO public.specialities_subjects (speciality_code, subject_id, subject_status) VALUES ('014.13', 6, 'mandatory');
INSERT INTO public.specialities_subjects (speciality_code, subject_id, subject_status) VALUES ('014.13', 14, 'optional');
INSERT INTO public.specialities_subjects (speciality_code, subject_id, subject_status) VALUES ('014.13', 3, 'optional');
INSERT INTO public.specialities_subjects (speciality_code, subject_id, subject_status) VALUES ('014.13', 18, 'optional');
INSERT INTO public.specialities_subjects (speciality_code, subject_id, subject_status) VALUES ('014.13', 19, 'optional');
INSERT INTO public.specialities_subjects (speciality_code, subject_id, subject_status) VALUES ('014.13', 21, 'optional');
INSERT INTO public.specialities_subjects (speciality_code, subject_id, subject_status) VALUES ('014.13', 22, 'optional');
INSERT INTO public.specialities_subjects (speciality_code, subject_id, subject_status) VALUES ('014.15', 1, 'main');
INSERT INTO public.specialities_subjects (speciality_code, subject_id, subject_status) VALUES ('014.15', 18, 'mandatory');
INSERT INTO public.specialities_subjects (speciality_code, subject_id, subject_status) VALUES ('014.15', 6, 'optional');
INSERT INTO public.specialities_subjects (speciality_code, subject_id, subject_status) VALUES ('014.15', 14, 'optional');
INSERT INTO public.specialities_subjects (speciality_code, subject_id, subject_status) VALUES ('014.15', 3, 'optional');
INSERT INTO public.specialities_subjects (speciality_code, subject_id, subject_status) VALUES ('014.15', 19, 'optional');
INSERT INTO public.specialities_subjects (speciality_code, subject_id, subject_status) VALUES ('014.15', 21, 'optional');
INSERT INTO public.specialities_subjects (speciality_code, subject_id, subject_status) VALUES ('014.15', 22, 'optional');
INSERT INTO public.specialities_subjects (speciality_code, subject_id, subject_status) VALUES ('015', 1, 'main');
INSERT INTO public.specialities_subjects (speciality_code, subject_id, subject_status) VALUES ('015', 14, 'mandatory');
INSERT INTO public.specialities_subjects (speciality_code, subject_id, subject_status) VALUES ('015', 6, 'optional');
INSERT INTO public.specialities_subjects (speciality_code, subject_id, subject_status) VALUES ('015', 3, 'optional');
INSERT INTO public.specialities_subjects (speciality_code, subject_id, subject_status) VALUES ('015', 18, 'optional');
INSERT INTO public.specialities_subjects (speciality_code, subject_id, subject_status) VALUES ('015', 19, 'optional');
INSERT INTO public.specialities_subjects (speciality_code, subject_id, subject_status) VALUES ('015', 21, 'optional');
INSERT INTO public.specialities_subjects (speciality_code, subject_id, subject_status) VALUES ('015', 22, 'optional');
INSERT INTO public.specialities_subjects (speciality_code, subject_id, subject_status) VALUES ('016', 29, 'main');
INSERT INTO public.specialities_subjects (speciality_code, subject_id, subject_status) VALUES ('016', 18, 'mandatory');
INSERT INTO public.specialities_subjects (speciality_code, subject_id, subject_status) VALUES ('016', 6, 'optional');
INSERT INTO public.specialities_subjects (speciality_code, subject_id, subject_status) VALUES ('016', 14, 'optional');
INSERT INTO public.specialities_subjects (speciality_code, subject_id, subject_status) VALUES ('016', 3, 'optional');
INSERT INTO public.specialities_subjects (speciality_code, subject_id, subject_status) VALUES ('016', 19, 'optional');
INSERT INTO public.specialities_subjects (speciality_code, subject_id, subject_status) VALUES ('016', 21, 'optional');
INSERT INTO public.specialities_subjects (speciality_code, subject_id, subject_status) VALUES ('016', 22, 'optional');
INSERT INTO public.specialities_subjects (speciality_code, subject_id, subject_status) VALUES ('017', 1, 'main');
INSERT INTO public.specialities_subjects (speciality_code, subject_id, subject_status) VALUES ('017', 18, 'mandatory');
INSERT INTO public.specialities_subjects (speciality_code, subject_id, subject_status) VALUES ('017', 999, 'optional');
INSERT INTO public.specialities_subjects (speciality_code, subject_id, subject_status) VALUES ('021', 29, 'main');
INSERT INTO public.specialities_subjects (speciality_code, subject_id, subject_status) VALUES ('021', 6, 'mandatory');
INSERT INTO public.specialities_subjects (speciality_code, subject_id, subject_status) VALUES ('021', 21, 'mandatory');
INSERT INTO public.specialities_subjects (speciality_code, subject_id, subject_status) VALUES ('021', 999, 'optional');
INSERT INTO public.specialities_subjects (speciality_code, subject_id, subject_status) VALUES ('022.01', 29, 'main');
INSERT INTO public.specialities_subjects (speciality_code, subject_id, subject_status) VALUES ('022.01', 14, 'mandatory');
INSERT INTO public.specialities_subjects (speciality_code, subject_id, subject_status) VALUES ('022.01', 999, 'optional');
INSERT INTO public.specialities_subjects (speciality_code, subject_id, subject_status) VALUES ('022.02', 29, 'main');
INSERT INTO public.specialities_subjects (speciality_code, subject_id, subject_status) VALUES ('022.02', 14, 'mandatory');
INSERT INTO public.specialities_subjects (speciality_code, subject_id, subject_status) VALUES ('022.02', 999, 'optional');
INSERT INTO public.specialities_subjects (speciality_code, subject_id, subject_status) VALUES ('022.03', 29, 'main');
INSERT INTO public.specialities_subjects (speciality_code, subject_id, subject_status) VALUES ('022.03', 14, 'mandatory');
INSERT INTO public.specialities_subjects (speciality_code, subject_id, subject_status) VALUES ('022.03', 999, 'optional');
INSERT INTO public.specialities_subjects (speciality_code, subject_id, subject_status) VALUES ('022.04', 29, 'main');
INSERT INTO public.specialities_subjects (speciality_code, subject_id, subject_status) VALUES ('022.04', 14, 'mandatory');
INSERT INTO public.specialities_subjects (speciality_code, subject_id, subject_status) VALUES ('022.04', 999, 'optional');
INSERT INTO public.specialities_subjects (speciality_code, subject_id, subject_status) VALUES ('022.05', 29, 'main');
INSERT INTO public.specialities_subjects (speciality_code, subject_id, subject_status) VALUES ('022.05', 14, 'mandatory');
INSERT INTO public.specialities_subjects (speciality_code, subject_id, subject_status) VALUES ('022.05', 6, 'optional');
INSERT INTO public.specialities_subjects (speciality_code, subject_id, subject_status) VALUES ('022.05', 3, 'optional');
INSERT INTO public.specialities_subjects (speciality_code, subject_id, subject_status) VALUES ('022.05', 18, 'optional');
INSERT INTO public.specialities_subjects (speciality_code, subject_id, subject_status) VALUES ('022.05', 19, 'optional');
INSERT INTO public.specialities_subjects (speciality_code, subject_id, subject_status) VALUES ('022.05', 21, 'optional');
INSERT INTO public.specialities_subjects (speciality_code, subject_id, subject_status) VALUES ('022.05', 22, 'optional');
INSERT INTO public.specialities_subjects (speciality_code, subject_id, subject_status) VALUES ('023', 29, 'main');
INSERT INTO public.specialities_subjects (speciality_code, subject_id, subject_status) VALUES ('023', 6, 'mandatory');
INSERT INTO public.specialities_subjects (speciality_code, subject_id, subject_status) VALUES ('023', 22, 'mandatory');
INSERT INTO public.specialities_subjects (speciality_code, subject_id, subject_status) VALUES ('023', 999, 'optional');
INSERT INTO public.specialities_subjects (speciality_code, subject_id, subject_status) VALUES ('024', 29, 'main');
INSERT INTO public.specialities_subjects (speciality_code, subject_id, subject_status) VALUES ('024', 6, 'mandatory');
INSERT INTO public.specialities_subjects (speciality_code, subject_id, subject_status) VALUES ('024', 18, 'mandatory');
INSERT INTO public.specialities_subjects (speciality_code, subject_id, subject_status) VALUES ('024', 999, 'optional');
INSERT INTO public.specialities_subjects (speciality_code, subject_id, subject_status) VALUES ('025', 29, 'main');
INSERT INTO public.specialities_subjects (speciality_code, subject_id, subject_status) VALUES ('025', 6, 'mandatory');
INSERT INTO public.specialities_subjects (speciality_code, subject_id, subject_status) VALUES ('025', 14, 'mandatory');
INSERT INTO public.specialities_subjects (speciality_code, subject_id, subject_status) VALUES ('025', 3, 'mandatory');
INSERT INTO public.specialities_subjects (speciality_code, subject_id, subject_status) VALUES ('025', 999, 'optional');
INSERT INTO public.specialities_subjects (speciality_code, subject_id, subject_status) VALUES ('026', 29, 'main');
INSERT INTO public.specialities_subjects (speciality_code, subject_id, subject_status) VALUES ('026', 6, 'mandatory');
INSERT INTO public.specialities_subjects (speciality_code, subject_id, subject_status) VALUES ('026', 3, 'mandatory');
INSERT INTO public.specialities_subjects (speciality_code, subject_id, subject_status) VALUES ('026', 999, 'optional');
INSERT INTO public.specialities_subjects (speciality_code, subject_id, subject_status) VALUES ('027', 29, 'main');
INSERT INTO public.specialities_subjects (speciality_code, subject_id, subject_status) VALUES ('027', 6, 'mandatory');
INSERT INTO public.specialities_subjects (speciality_code, subject_id, subject_status) VALUES ('027', 14, 'optional');
INSERT INTO public.specialities_subjects (speciality_code, subject_id, subject_status) VALUES ('027', 3, 'optional');
INSERT INTO public.specialities_subjects (speciality_code, subject_id, subject_status) VALUES ('027', 18, 'optional');
INSERT INTO public.specialities_subjects (speciality_code, subject_id, subject_status) VALUES ('027', 19, 'optional');
INSERT INTO public.specialities_subjects (speciality_code, subject_id, subject_status) VALUES ('027', 21, 'optional');
INSERT INTO public.specialities_subjects (speciality_code, subject_id, subject_status) VALUES ('027', 22, 'optional');
INSERT INTO public.specialities_subjects (speciality_code, subject_id, subject_status) VALUES ('028', 29, 'main');
INSERT INTO public.specialities_subjects (speciality_code, subject_id, subject_status) VALUES ('028', 14, 'mandatory');
INSERT INTO public.specialities_subjects (speciality_code, subject_id, subject_status) VALUES ('028', 6, 'optional');
INSERT INTO public.specialities_subjects (speciality_code, subject_id, subject_status) VALUES ('028', 3, 'optional');
INSERT INTO public.specialities_subjects (speciality_code, subject_id, subject_status) VALUES ('028', 18, 'optional');
INSERT INTO public.specialities_subjects (speciality_code, subject_id, subject_status) VALUES ('028', 19, 'optional');
INSERT INTO public.specialities_subjects (speciality_code, subject_id, subject_status) VALUES ('028', 21, 'optional');
INSERT INTO public.specialities_subjects (speciality_code, subject_id, subject_status) VALUES ('028', 22, 'optional');
INSERT INTO public.specialities_subjects (speciality_code, subject_id, subject_status) VALUES ('029', 29, 'main');
INSERT INTO public.specialities_subjects (speciality_code, subject_id, subject_status) VALUES ('029', 6, 'mandatory');
INSERT INTO public.specialities_subjects (speciality_code, subject_id, subject_status) VALUES ('029', 14, 'optional');
INSERT INTO public.specialities_subjects (speciality_code, subject_id, subject_status) VALUES ('029', 3, 'optional');
INSERT INTO public.specialities_subjects (speciality_code, subject_id, subject_status) VALUES ('029', 18, 'optional');
INSERT INTO public.specialities_subjects (speciality_code, subject_id, subject_status) VALUES ('029', 19, 'optional');
INSERT INTO public.specialities_subjects (speciality_code, subject_id, subject_status) VALUES ('029', 21, 'optional');
INSERT INTO public.specialities_subjects (speciality_code, subject_id, subject_status) VALUES ('029', 22, 'optional');
INSERT INTO public.specialities_subjects (speciality_code, subject_id, subject_status) VALUES ('031', 29, 'main');
INSERT INTO public.specialities_subjects (speciality_code, subject_id, subject_status) VALUES ('031', 6, 'mandatory');
INSERT INTO public.specialities_subjects (speciality_code, subject_id, subject_status) VALUES ('031', 14, 'optional');
INSERT INTO public.specialities_subjects (speciality_code, subject_id, subject_status) VALUES ('031', 3, 'optional');
INSERT INTO public.specialities_subjects (speciality_code, subject_id, subject_status) VALUES ('031', 18, 'optional');
INSERT INTO public.specialities_subjects (speciality_code, subject_id, subject_status) VALUES ('031', 19, 'optional');
INSERT INTO public.specialities_subjects (speciality_code, subject_id, subject_status) VALUES ('031', 21, 'optional');
INSERT INTO public.specialities_subjects (speciality_code, subject_id, subject_status) VALUES ('031', 22, 'optional');
INSERT INTO public.specialities_subjects (speciality_code, subject_id, subject_status) VALUES ('032', 29, 'main');
INSERT INTO public.specialities_subjects (speciality_code, subject_id, subject_status) VALUES ('032', 6, 'mandatory');
INSERT INTO public.specialities_subjects (speciality_code, subject_id, subject_status) VALUES ('032', 14, 'optional');
INSERT INTO public.specialities_subjects (speciality_code, subject_id, subject_status) VALUES ('032', 3, 'optional');
INSERT INTO public.specialities_subjects (speciality_code, subject_id, subject_status) VALUES ('032', 18, 'optional');
INSERT INTO public.specialities_subjects (speciality_code, subject_id, subject_status) VALUES ('032', 19, 'optional');
INSERT INTO public.specialities_subjects (speciality_code, subject_id, subject_status) VALUES ('032', 21, 'optional');
INSERT INTO public.specialities_subjects (speciality_code, subject_id, subject_status) VALUES ('032', 22, 'optional');
INSERT INTO public.specialities_subjects (speciality_code, subject_id, subject_status) VALUES ('033', 29, 'main');
INSERT INTO public.specialities_subjects (speciality_code, subject_id, subject_status) VALUES ('033', 6, 'mandatory');
INSERT INTO public.specialities_subjects (speciality_code, subject_id, subject_status) VALUES ('033', 14, 'optional');
INSERT INTO public.specialities_subjects (speciality_code, subject_id, subject_status) VALUES ('033', 3, 'optional');
INSERT INTO public.specialities_subjects (speciality_code, subject_id, subject_status) VALUES ('033', 18, 'optional');
INSERT INTO public.specialities_subjects (speciality_code, subject_id, subject_status) VALUES ('033', 19, 'optional');
INSERT INTO public.specialities_subjects (speciality_code, subject_id, subject_status) VALUES ('033', 21, 'optional');
INSERT INTO public.specialities_subjects (speciality_code, subject_id, subject_status) VALUES ('033', 22, 'optional');
INSERT INTO public.specialities_subjects (speciality_code, subject_id, subject_status) VALUES ('034', 29, 'main');
INSERT INTO public.specialities_subjects (speciality_code, subject_id, subject_status) VALUES ('034', 6, 'mandatory');
INSERT INTO public.specialities_subjects (speciality_code, subject_id, subject_status) VALUES ('034', 14, 'optional');
INSERT INTO public.specialities_subjects (speciality_code, subject_id, subject_status) VALUES ('034', 3, 'optional');
INSERT INTO public.specialities_subjects (speciality_code, subject_id, subject_status) VALUES ('034', 18, 'optional');
INSERT INTO public.specialities_subjects (speciality_code, subject_id, subject_status) VALUES ('034', 19, 'optional');
INSERT INTO public.specialities_subjects (speciality_code, subject_id, subject_status) VALUES ('034', 21, 'optional');
INSERT INTO public.specialities_subjects (speciality_code, subject_id, subject_status) VALUES ('034', 22, 'optional');
INSERT INTO public.specialities_subjects (speciality_code, subject_id, subject_status) VALUES ('035', 29, 'main');
INSERT INTO public.specialities_subjects (speciality_code, subject_id, subject_status) VALUES ('035', 3, 'mandatory');
INSERT INTO public.specialities_subjects (speciality_code, subject_id, subject_status) VALUES ('035', 6, 'optional');
INSERT INTO public.specialities_subjects (speciality_code, subject_id, subject_status) VALUES ('035', 14, 'optional');
INSERT INTO public.specialities_subjects (speciality_code, subject_id, subject_status) VALUES ('035', 18, 'optional');
INSERT INTO public.specialities_subjects (speciality_code, subject_id, subject_status) VALUES ('035', 19, 'optional');
INSERT INTO public.specialities_subjects (speciality_code, subject_id, subject_status) VALUES ('035', 21, 'optional');
INSERT INTO public.specialities_subjects (speciality_code, subject_id, subject_status) VALUES ('035', 22, 'optional');
INSERT INTO public.specialities_subjects (speciality_code, subject_id, subject_status) VALUES ('041', 29, 'main');
INSERT INTO public.specialities_subjects (speciality_code, subject_id, subject_status) VALUES ('051', 29, 'main');
INSERT INTO public.specialities_subjects (speciality_code, subject_id, subject_status) VALUES ('051', 14, 'mandatory');
INSERT INTO public.specialities_subjects (speciality_code, subject_id, subject_status) VALUES ('051', 6, 'optional');
INSERT INTO public.specialities_subjects (speciality_code, subject_id, subject_status) VALUES ('051', 3, 'optional');
INSERT INTO public.specialities_subjects (speciality_code, subject_id, subject_status) VALUES ('051', 18, 'optional');
INSERT INTO public.specialities_subjects (speciality_code, subject_id, subject_status) VALUES ('051', 19, 'optional');
INSERT INTO public.specialities_subjects (speciality_code, subject_id, subject_status) VALUES ('051', 21, 'optional');
INSERT INTO public.specialities_subjects (speciality_code, subject_id, subject_status) VALUES ('051', 22, 'optional');
INSERT INTO public.specialities_subjects (speciality_code, subject_id, subject_status) VALUES ('052', 29, 'main');
INSERT INTO public.specialities_subjects (speciality_code, subject_id, subject_status) VALUES ('052', 6, 'mandatory');
INSERT INTO public.specialities_subjects (speciality_code, subject_id, subject_status) VALUES ('052', 14, 'optional');
INSERT INTO public.specialities_subjects (speciality_code, subject_id, subject_status) VALUES ('052', 3, 'optional');
INSERT INTO public.specialities_subjects (speciality_code, subject_id, subject_status) VALUES ('052', 18, 'optional');
INSERT INTO public.specialities_subjects (speciality_code, subject_id, subject_status) VALUES ('052', 19, 'optional');
INSERT INTO public.specialities_subjects (speciality_code, subject_id, subject_status) VALUES ('052', 21, 'optional');
INSERT INTO public.specialities_subjects (speciality_code, subject_id, subject_status) VALUES ('052', 22, 'optional');
INSERT INTO public.specialities_subjects (speciality_code, subject_id, subject_status) VALUES ('053', 29, 'main');
INSERT INTO public.specialities_subjects (speciality_code, subject_id, subject_status) VALUES ('053', 14, 'mandatory');
INSERT INTO public.specialities_subjects (speciality_code, subject_id, subject_status) VALUES ('053', 6, 'optional');
INSERT INTO public.specialities_subjects (speciality_code, subject_id, subject_status) VALUES ('053', 3, 'optional');
INSERT INTO public.specialities_subjects (speciality_code, subject_id, subject_status) VALUES ('053', 18, 'optional');
INSERT INTO public.specialities_subjects (speciality_code, subject_id, subject_status) VALUES ('053', 19, 'optional');
INSERT INTO public.specialities_subjects (speciality_code, subject_id, subject_status) VALUES ('053', 21, 'optional');
INSERT INTO public.specialities_subjects (speciality_code, subject_id, subject_status) VALUES ('053', 22, 'optional');
INSERT INTO public.specialities_subjects (speciality_code, subject_id, subject_status) VALUES ('054', 29, 'main');
INSERT INTO public.specialities_subjects (speciality_code, subject_id, subject_status) VALUES ('054', 14, 'mandatory');
INSERT INTO public.specialities_subjects (speciality_code, subject_id, subject_status) VALUES ('054', 6, 'optional');
INSERT INTO public.specialities_subjects (speciality_code, subject_id, subject_status) VALUES ('054', 3, 'optional');
INSERT INTO public.specialities_subjects (speciality_code, subject_id, subject_status) VALUES ('054', 18, 'optional');
INSERT INTO public.specialities_subjects (speciality_code, subject_id, subject_status) VALUES ('054', 19, 'optional');
INSERT INTO public.specialities_subjects (speciality_code, subject_id, subject_status) VALUES ('054', 21, 'optional');
INSERT INTO public.specialities_subjects (speciality_code, subject_id, subject_status) VALUES ('054', 22, 'optional');
INSERT INTO public.specialities_subjects (speciality_code, subject_id, subject_status) VALUES ('061', 29, 'main');
INSERT INTO public.specialities_subjects (speciality_code, subject_id, subject_status) VALUES ('061', 6, 'mandatory');
INSERT INTO public.specialities_subjects (speciality_code, subject_id, subject_status) VALUES ('061', 14, 'optional');
INSERT INTO public.specialities_subjects (speciality_code, subject_id, subject_status) VALUES ('061', 3, 'optional');
INSERT INTO public.specialities_subjects (speciality_code, subject_id, subject_status) VALUES ('061', 18, 'optional');
INSERT INTO public.specialities_subjects (speciality_code, subject_id, subject_status) VALUES ('061', 19, 'optional');
INSERT INTO public.specialities_subjects (speciality_code, subject_id, subject_status) VALUES ('061', 21, 'optional');
INSERT INTO public.specialities_subjects (speciality_code, subject_id, subject_status) VALUES ('061', 22, 'optional');
INSERT INTO public.specialities_subjects (speciality_code, subject_id, subject_status) VALUES ('071', 29, 'main');
INSERT INTO public.specialities_subjects (speciality_code, subject_id, subject_status) VALUES ('071', 14, 'mandatory');
INSERT INTO public.specialities_subjects (speciality_code, subject_id, subject_status) VALUES ('071', 6, 'optional');
INSERT INTO public.specialities_subjects (speciality_code, subject_id, subject_status) VALUES ('071', 3, 'optional');
INSERT INTO public.specialities_subjects (speciality_code, subject_id, subject_status) VALUES ('071', 18, 'optional');
INSERT INTO public.specialities_subjects (speciality_code, subject_id, subject_status) VALUES ('071', 19, 'optional');
INSERT INTO public.specialities_subjects (speciality_code, subject_id, subject_status) VALUES ('071', 21, 'optional');
INSERT INTO public.specialities_subjects (speciality_code, subject_id, subject_status) VALUES ('071', 22, 'optional');
INSERT INTO public.specialities_subjects (speciality_code, subject_id, subject_status) VALUES ('072', 29, 'main');
INSERT INTO public.specialities_subjects (speciality_code, subject_id, subject_status) VALUES ('072', 14, 'mandatory');
INSERT INTO public.specialities_subjects (speciality_code, subject_id, subject_status) VALUES ('072', 6, 'optional');
INSERT INTO public.specialities_subjects (speciality_code, subject_id, subject_status) VALUES ('072', 3, 'optional');
INSERT INTO public.specialities_subjects (speciality_code, subject_id, subject_status) VALUES ('072', 18, 'optional');
INSERT INTO public.specialities_subjects (speciality_code, subject_id, subject_status) VALUES ('072', 19, 'optional');
INSERT INTO public.specialities_subjects (speciality_code, subject_id, subject_status) VALUES ('072', 21, 'optional');
INSERT INTO public.specialities_subjects (speciality_code, subject_id, subject_status) VALUES ('072', 22, 'optional');
INSERT INTO public.specialities_subjects (speciality_code, subject_id, subject_status) VALUES ('073', 29, 'main');
INSERT INTO public.specialities_subjects (speciality_code, subject_id, subject_status) VALUES ('073', 14, 'mandatory');
INSERT INTO public.specialities_subjects (speciality_code, subject_id, subject_status) VALUES ('073', 6, 'optional');
INSERT INTO public.specialities_subjects (speciality_code, subject_id, subject_status) VALUES ('073', 3, 'optional');
INSERT INTO public.specialities_subjects (speciality_code, subject_id, subject_status) VALUES ('073', 18, 'optional');
INSERT INTO public.specialities_subjects (speciality_code, subject_id, subject_status) VALUES ('073', 19, 'optional');
INSERT INTO public.specialities_subjects (speciality_code, subject_id, subject_status) VALUES ('073', 21, 'optional');
INSERT INTO public.specialities_subjects (speciality_code, subject_id, subject_status) VALUES ('073', 22, 'optional');
INSERT INTO public.specialities_subjects (speciality_code, subject_id, subject_status) VALUES ('075', 29, 'main');
INSERT INTO public.specialities_subjects (speciality_code, subject_id, subject_status) VALUES ('075', 14, 'mandatory');
INSERT INTO public.specialities_subjects (speciality_code, subject_id, subject_status) VALUES ('075', 6, 'optional');
INSERT INTO public.specialities_subjects (speciality_code, subject_id, subject_status) VALUES ('075', 3, 'optional');
INSERT INTO public.specialities_subjects (speciality_code, subject_id, subject_status) VALUES ('075', 18, 'optional');
INSERT INTO public.specialities_subjects (speciality_code, subject_id, subject_status) VALUES ('075', 19, 'optional');
INSERT INTO public.specialities_subjects (speciality_code, subject_id, subject_status) VALUES ('075', 21, 'optional');
INSERT INTO public.specialities_subjects (speciality_code, subject_id, subject_status) VALUES ('075', 22, 'optional');
INSERT INTO public.specialities_subjects (speciality_code, subject_id, subject_status) VALUES ('076', 29, 'main');
INSERT INTO public.specialities_subjects (speciality_code, subject_id, subject_status) VALUES ('076', 14, 'mandatory');
INSERT INTO public.specialities_subjects (speciality_code, subject_id, subject_status) VALUES ('076', 6, 'optional');
INSERT INTO public.specialities_subjects (speciality_code, subject_id, subject_status) VALUES ('076', 3, 'optional');
INSERT INTO public.specialities_subjects (speciality_code, subject_id, subject_status) VALUES ('076', 18, 'optional');
INSERT INTO public.specialities_subjects (speciality_code, subject_id, subject_status) VALUES ('076', 19, 'optional');
INSERT INTO public.specialities_subjects (speciality_code, subject_id, subject_status) VALUES ('076', 21, 'optional');
INSERT INTO public.specialities_subjects (speciality_code, subject_id, subject_status) VALUES ('076', 22, 'optional');
INSERT INTO public.specialities_subjects (speciality_code, subject_id, subject_status) VALUES ('081', 29, 'main');
INSERT INTO public.specialities_subjects (speciality_code, subject_id, subject_status) VALUES ('081', 6, 'mandatory');
INSERT INTO public.specialities_subjects (speciality_code, subject_id, subject_status) VALUES ('081', 14, 'optional');
INSERT INTO public.specialities_subjects (speciality_code, subject_id, subject_status) VALUES ('081', 3, 'optional');
INSERT INTO public.specialities_subjects (speciality_code, subject_id, subject_status) VALUES ('091', 1, 'main');
INSERT INTO public.specialities_subjects (speciality_code, subject_id, subject_status) VALUES ('091', 18, 'mandatory');
INSERT INTO public.specialities_subjects (speciality_code, subject_id, subject_status) VALUES ('091', 6, 'optional');
INSERT INTO public.specialities_subjects (speciality_code, subject_id, subject_status) VALUES ('091', 14, 'optional');
INSERT INTO public.specialities_subjects (speciality_code, subject_id, subject_status) VALUES ('091', 3, 'optional');
INSERT INTO public.specialities_subjects (speciality_code, subject_id, subject_status) VALUES ('091', 19, 'optional');
INSERT INTO public.specialities_subjects (speciality_code, subject_id, subject_status) VALUES ('091', 21, 'optional');
INSERT INTO public.specialities_subjects (speciality_code, subject_id, subject_status) VALUES ('091', 22, 'optional');


--
-- TOC entry 3419 (class 0 OID 0)
-- Dependencies: 210
-- Name: cities_id_seq; Type: SEQUENCE SET; Schema: public; Owner: postgres
--

SELECT pg_catalog.setval('public.cities_id_seq', 1, true);


--
-- TOC entry 3420 (class 0 OID 0)
-- Dependencies: 223
-- Name: coefficients_id_seq; Type: SEQUENCE SET; Schema: public; Owner: postgres
--

SELECT pg_catalog.setval('public.coefficients_id_seq', 23, true);


--
-- TOC entry 3421 (class 0 OID 0)
-- Dependencies: 212
-- Name: collaborators_id_seq; Type: SEQUENCE SET; Schema: public; Owner: postgres
--

SELECT pg_catalog.setval('public.collaborators_id_seq', 1, false);


--
-- TOC entry 3422 (class 0 OID 0)
-- Dependencies: 214
-- Name: faculties_id_seq; Type: SEQUENCE SET; Schema: public; Owner: postgres
--

SELECT pg_catalog.setval('public.faculties_id_seq', 1, false);


--
-- TOC entry 3423 (class 0 OID 0)
-- Dependencies: 225
-- Name: max_min_grades_id_seq; Type: SEQUENCE SET; Schema: public; Owner: postgres
--

SELECT pg_catalog.setval('public.max_min_grades_id_seq', 10, true);


--
-- TOC entry 3424 (class 0 OID 0)
-- Dependencies: 216
-- Name: specialities_id_seq; Type: SEQUENCE SET; Schema: public; Owner: postgres
--

SELECT pg_catalog.setval('public.specialities_id_seq', 1, false);


--
-- TOC entry 3425 (class 0 OID 0)
-- Dependencies: 218
-- Name: specialities_subjects_id_seq; Type: SEQUENCE SET; Schema: public; Owner: postgres
--

SELECT pg_catalog.setval('public.specialities_subjects_id_seq', 1, false);


--
-- TOC entry 3426 (class 0 OID 0)
-- Dependencies: 220
-- Name: subjects_id_seq; Type: SEQUENCE SET; Schema: public; Owner: postgres
--

SELECT pg_catalog.setval('public.subjects_id_seq', 1, false);


--
-- TOC entry 3427 (class 0 OID 0)
-- Dependencies: 222
-- Name: universities_id_seq; Type: SEQUENCE SET; Schema: public; Owner: postgres
--

SELECT pg_catalog.setval('public.universities_id_seq', 1, true);


-- Completed on 2022-10-30 01:07:55

--
-- PostgreSQL database dump complete
--

