-- MySQL dump 10.13  Distrib 8.0.30, for Win64 (x86_64)
--
-- Host: localhost    Database: jobhelper
-- ------------------------------------------------------
-- Server version	8.0.30

/*!40101 SET @OLD_CHARACTER_SET_CLIENT=@@CHARACTER_SET_CLIENT */;
/*!40101 SET @OLD_CHARACTER_SET_RESULTS=@@CHARACTER_SET_RESULTS */;
/*!40101 SET @OLD_COLLATION_CONNECTION=@@COLLATION_CONNECTION */;
/*!50503 SET NAMES utf8 */;
/*!40103 SET @OLD_TIME_ZONE=@@TIME_ZONE */;
/*!40103 SET TIME_ZONE='+00:00' */;
/*!40014 SET @OLD_UNIQUE_CHECKS=@@UNIQUE_CHECKS, UNIQUE_CHECKS=0 */;
/*!40014 SET @OLD_FOREIGN_KEY_CHECKS=@@FOREIGN_KEY_CHECKS, FOREIGN_KEY_CHECKS=0 */;
/*!40101 SET @OLD_SQL_MODE=@@SQL_MODE, SQL_MODE='NO_AUTO_VALUE_ON_ZERO' */;
/*!40111 SET @OLD_SQL_NOTES=@@SQL_NOTES, SQL_NOTES=0 */;

--
-- Dumping data for table `cities`
--

LOCK TABLES `cities` WRITE;
/*!40000 ALTER TABLE `cities` DISABLE KEYS */;
INSERT INTO `cities` VALUES (1,'Львів'),(2,'Київ');
/*!40000 ALTER TABLE `cities` ENABLE KEYS */;
UNLOCK TABLES;

--
-- Dumping data for table `coefficients`
--

LOCK TABLES `coefficients` WRITE;
/*!40000 ALTER TABLE `coefficients` DISABLE KEYS */;
INSERT INTO `coefficients` VALUES (1,0.35,130,1,834453),(2,0.35,130,1,826173),(3,0.4,145,14,826173),(4,0.25,130,3,826173),(5,0.25,130,6,826173),(6,0.25,130,18,826173),(7,0.25,130,19,826173),(8,0.25,130,21,826173),(9,0.25,130,22,826173),(10,0.2,100,29,810096),(11,0.2,115,14,810096),(12,0.6,124,999,810096),(13,0.35,100,1,833553),(14,0.4,115,14,833553),(15,0.25,100,3,833553),(16,0.25,100,6,833553),(17,0.25,100,18,833553),(18,0.25,100,19,833553),(19,0.25,100,21,833553),(20,0.25,100,22,833553),(21,0.4,145,14,834453),(22,0.25,130,3,834453),(23,0.25,130,6,834453),(24,0.25,130,18,834453),(25,0.25,130,19,834453),(26,0.25,130,21,834453),(27,0.25,130,22,834453),(28,0.3,100,1,842107),(29,0.5,100,14,842107),(30,0.2,100,6,842107),(31,0.2,100,18,842107),(32,0.2,100,3,842107),(33,0.2,100,19,842107),(34,0.2,100,21,842107),(35,0.2,100,22,842107),(36,0.25,100,1,842578),(37,0.5,100,14,842578),(38,0.25,100,3,842578),(39,0.25,100,6,842578),(40,0.25,100,18,842578),(41,0.25,100,19,842578),(42,0.25,100,21,842578),(43,0.25,100,22,842578);
/*!40000 ALTER TABLE `coefficients` ENABLE KEYS */;
UNLOCK TABLES;

--
-- Dumping data for table `collaborators`
--

LOCK TABLES `collaborators` WRITE;
/*!40000 ALTER TABLE `collaborators` DISABLE KEYS */;
INSERT INTO `collaborators` VALUES (1,'Stanislav Denysenko','lohopusik67@gmail.com','Frontend dev'),(2,'Vitaliy Sevastyanov','vetal.sevastyanov@gmail.com','Frontend dev'),(3,'Nazar Bylen','nazar.bylen.ir.2021@lpnu.ua','Backend dev'),(4,'Orest Borshovskiy','oborshovskiy@gmail.com','Backend dev'),(5,'Ihor Patko','patkoihor2004@gmail.com','Backend dev'),(6,'Maksym Morochenets','maksmorroo@gmail.com','Backend dev'),(7,'Ihor Byra','ihorbyra@gmail.com','Mentor');
/*!40000 ALTER TABLE `collaborators` ENABLE KEYS */;
UNLOCK TABLES;

--
-- Dumping data for table `faculties`
--

LOCK TABLES `faculties` WRITE;
/*!40000 ALTER TABLE `faculties` DISABLE KEYS */;
INSERT INTO `faculties` VALUES (810096,'Інститут архітектури та дизайну',97,'022','',''),(814348,'Навчально-науковий інститут філології',41,'014',NULL,NULL),(815450,'Філософський факультет',41,'031',NULL,NULL),(816072,'Навчально-науковий інститут філології',41,'035',NULL,NULL),(826173,'Інститут комп\'ютерних технологій, автоматики та метрології',97,'122','',''),(826494,'Факультет міжнародних економічних відносин та інформаційних технологій',16,'122','',''),(827395,'Інститут права, психології та інноваційної освіти',97,'053',NULL,NULL),(828645,'Факультет прикладної математики та інформатики',282,'113',NULL,NULL),(828804,'Інститут сталого розвитку імені В`ячеслава',97,'242',NULL,NULL),(833097,'\nІнститут права, психології та інноваційної освіти',97,'061','',''),(833553,'Інститут комп\'ютерних технологій, автоматики та метрології',97,'125','',''),(833638,'Інститут гуманітарних та соціальних наук',97,'291',NULL,NULL),(834453,'Інститут комп\'ютерних наук та інформаційних технологій',97,'122','',''),(835497,'Факультет прикладної математики та інформатики',282,'125','',''),(836893,'Інститут телекомунікацій, радіоелектроніки та електронної техніки',97,'171',NULL,NULL),(838766,'Інститут геодезії',97,'103',NULL,NULL),(839187,'Географічний факультет',282,'181',NULL,NULL),(839896,'Навчально-науковий інститут міжнародних відносин',41,'293',NULL,NULL),(842107,'Факультет прикладної математики та інформатики',282,'122','',''),(842578,'Факультет електроніки та комп`ютерних технологій',282,'122','',''),(846210,'\nІсторичний факультет',41,'032',NULL,NULL),(849976,'Навчально-науковий інститут журналістики',41,'061',NULL,NULL),(851193,'Навчально-науковий інститут права',41,'081',NULL,NULL),(851657,'Інститут прикладної математики та фундаментальних наук',97,'291',NULL,NULL),(851759,'Географічний факультет',41,'242',NULL,NULL),(851933,'Економічний факультет',282,'073',NULL,NULL),(851995,'Факультет міжнародних відносин',282,'292',NULL,NULL),(852793,'\nІсторичний факультет',282,'032',NULL,NULL),(853127,'\nІнститут хімії та хімічних технологій',97,'181',NULL,NULL),(853825,'Філософський факультет',282,'053',NULL,NULL),(855074,'Інститут деревообробних та комп\'ютерних технологій і дизайну',160,'122','',''),(855732,'Інститут економіки і менеджменту',97,'075','',''),(855964,'Інститут комп\'ютерних наук та інформаційних технологій',97,'124',NULL,NULL),(856008,'Факультет видавничо-поліграфічних та інформаційних технологій',167,'122','',''),(856581,'Інститут економіки і менеджменту',97,'051','',''),(856624,'Інститут економіки і менеджменту',97,'073',NULL,NULL),(856872,'Інститут будівництва та інженерних систем',97,'192',NULL,NULL),(856873,'Інститут механічної інженерії та транспорту',97,'274',NULL,NULL),(857382,'Факультет педагогічної освіти',282,'231',NULL,NULL),(857860,'Інститут права, психології та інноваційної освіти',97,'081',NULL,NULL),(860317,'Факультет прикладних наук',244,'122','',''),(861425,'\nФакультет міжнародних економічних відносин та інформаційних технологій',16,'292',NULL,NULL),(861629,'Інститут адміністрування та післядипломної освіти',97,'281',NULL,NULL),(862064,'Факультет психології',41,'231',NULL,NULL),(864837,'Філософський факультет',41,'033',NULL,NULL),(869029,'Філософський факультет',282,'033','',''),(877889,'\nІнститут гуманітарних та соціальних наук',97,'054',NULL,NULL),(883189,'Інститут прикладної математики та фундаментальних наук',97,'113',NULL,NULL),(892873,'Факультет товарознавства, управління та сфери обслуговування',16,'181',NULL,NULL),(924217,'\nФакультет електроніки та комп`ютерних технологій',282,'171',NULL,NULL);
/*!40000 ALTER TABLE `faculties` ENABLE KEYS */;
UNLOCK TABLES;

--
-- Dumping data for table `max_min_grades`
--

LOCK TABLES `max_min_grades` WRITE;
/*!40000 ALTER TABLE `max_min_grades` DISABLE KEYS */;
INSERT INTO `max_min_grades` VALUES (1,2021,826173,'122',193.443,151.062),(2,2021,810096,'022',180.234,136.68),(3,2021,834453,'122',189.261,146.472),(4,2021,842107,'122',186.66,125.868),(5,2021,842578,'122',185.64,149.94),(9,2021,833553,'125',185.283,123.063);
/*!40000 ALTER TABLE `max_min_grades` ENABLE KEYS */;
UNLOCK TABLES;

--
-- Dumping data for table `specialities`
--

LOCK TABLES `specialities` WRITE;
/*!40000 ALTER TABLE `specialities` DISABLE KEYS */;
INSERT INTO `specialities` VALUES (1,'011','Освітні, педагогічні науки',0),(2,'012','Дошкільна освіта',0),(3,'013','Початкова освіта',0),(4,'014','Середня освіта',0),(5,'014.01','Українська мова і література',0),(6,'014.021','Англійська мова і література',0),(7,'014.022','Німецька мова і література',0),(8,'014.023','Французька мова і література',0),(9,'014.024','Іспанська мова і література',0),(10,'014.025','Російська мова і література',0),(11,'014.026','Угорська мова і література',0),(12,'014.027','Румунська/молдовська мова і література',0),(13,'014.028','Польська мова і література',0),(14,'014.029','Інші мови (із зазначенням мови)',0),(15,'014.03','Історія',0),(16,'014.04','Математика',0),(17,'014.05','Біологія та здоров’я людини',0),(18,'014.06','Хімія',0),(19,'014.07','Географія',0),(20,'014.08','Фізика',0),(21,'014.09','Інформатика',0),(22,'014.10','Трудове навчання та технології',0),(23,'014.11','Фізична культура',0),(24,'014.12','Образотворче мистецтво',0),(25,'014.13','Музичне мистецтво',0),(26,'014.15','Природничі науки',0),(27,'015','Професійна освіта',0),(28,'015.31','Будівництво та зварювання',0),(29,'015.32','Електроніка, метрологія та радіотелекомунікації',0),(30,'015.33','Енергетика, електротехніка та електромеханіка',0),(31,'015.34','Машинобудування',0),(32,'015.35','Видобуток, переробка та транспортування корисних копалин',0),(33,'015.36','Технологія виробів легкої промисловості',0),(34,'015.37','Аграрне виробництво, переробка сільськогосподарської продукції та харчові технології',0),(35,'015.38','Транспорт',0),(36,'015.39','Цифрові технології',0),(37,'016','Спеціальна освіта',0),(38,'016.01','Логопедія',0),(39,'016.02','Олігофренопедагогіка',0),(40,'016.03','Ортопедагогіка',0),(41,'016.04','Сурдопедагогіка',0),(42,'016.05','Тифлопедагогіка',0),(43,'017','Фізична культура і спорт',0),(44,'021','Аудіовізуальне мистецтво та виробництво',0),(45,'022','Дизайн',0),(46,'022.01','Графічний дизайн',0),(47,'022.02','Дизайн одягу (взуття)',0),(48,'022.03','Дизайн середовища',0),(49,'022.04','Промисловий дизайн',0),(50,'022.05','Перукарське мистецтво та декоративна косметика',0),(51,'023','Образотворче мистецтво, декоративне мистецтво, реставрація',0),(52,'024','Хореографія',0),(53,'025','Музичне мистецтво',0),(54,'026','Сценічне мистецтво',0),(55,'027','Музеєзнавство, пам’яткознавство',0),(56,'028','Менеджмент соціокультурної діяльності',0),(57,'029','Інформаційна, бібліотечна та архівна справа',0),(58,'031','Релігієзнавство',0),(59,'032','Історія та археологія',0),(60,'033','Філософія',0),(61,'034','Культурологія',0),(62,'035','Філологія',0),(63,'035.01','українська мова та література',0),(64,'035.02','кримськотатарська мова та література',0),(65,'035.032','слов’янські мови та літератури (переклад включно), перша - болгарська',0),(66,'035.033','слов’янські мови та літератури (переклад включно), перша - польська',0),(67,'035.034','слов’янські мови та літератури (переклад включно), перша - російська',0),(68,'035.035','слов’янські мови та літератури (переклад включно), перша - сербська',0),(69,'035.036','слов’янські мови та літератури (переклад включно), перша - словацька',0),(70,'035.037','слов’янські мови та літератури (переклад включно), перша - хорватська',0),(71,'035.038','слов’янські мови та літератури (переклад включно), перша - чеська',0),(72,'035.041','германські мови та літератури (переклад включно), перша - англійська',0),(73,'035.043','германські мови та літератури (переклад включно), перша - німецька',0),(74,'035.044','германські мови та літератури (переклад включно), перша - шведська',0),(75,'035.051','романські мови та літератури (переклад включно), перша - іспанська',0),(76,'035.052','романські мови та літератури (переклад включно), перша - італійська',0),(77,'035.053','романські мови та літератури (переклад включно), перша - португальська',0),(78,'035.054','романські мови та літератури (переклад включно), перша - румунська',0),(79,'035.055','романські мови та літератури (переклад включно), перша - французька',0),(80,'035.060','східні мови та літератури (переклад включно), перша - арабська',0),(81,'035.061','східні мови та літератури (переклад включно), перша - в’єтнамська',0),(82,'035.062','східні мови та літератури (переклад включно), перша - ґінді',0),(83,'035.063','східні мови та літератури (переклад включно), перша - іврит',0),(84,'035.064','східні мови та літератури (переклад включно), перша - індонезійська',0),(85,'035.065','східні мови та літератури (переклад включно), перша - китайська',0),(86,'035.066','східні мови та літератури (переклад включно), перша - корейська',0),(87,'035.067','східні мови та літератури (переклад включно), перша - перська',0),(88,'035.068','східні мови та літератури (переклад включно), перша - турецька',0),(89,'035.069','східні мови та літератури (переклад включно), перша - японська',0),(90,'035.071','угро-фінські мови та літератури (переклад включно), перша - угорська',0),(91,'035.08','класичні мови та літератури (переклад включно)',0),(92,'035.081','новогрецька мова і література (переклад включно)',0),(93,'035.09','фольклористика',0),(94,'035.10','прикладна лінгвістика',0),(95,'041','Богослов’я',0),(96,'051','Економіка',0),(97,'052','Політологія',0),(98,'053','Психологія',0),(99,'054','Соціологія',0),(100,'061','Журналістика',0),(101,'071','Облік і оподаткування',0),(102,'072','Фінанси, банківська справа та страхування',0),(103,'073','Менеджмент',0),(104,'075','Маркетинг',0),(105,'076','Підприємництво, торгівля та біржова діяльність',0),(106,'081','Право',0),(107,'091','Біологія',0),(108,'101','Екологія',0),(109,'102','Хімія',0),(110,'103','Науки про Землю',0),(111,'104','Фізика та астрономія',0),(112,'105','Прикладна фізика та наноматеріали',0),(113,'106','Географія',0),(114,'111','Математика',0),(115,'112','Статистика',0),(116,'113','Прикладна математика',0),(117,'121','Інженерія програмного забезпечення',0),(118,'122','Комп\'ютерні науки',0),(119,'123','Комп’ютерна інженерія',0),(120,'124','Системний аналіз',0),(121,'125','Кібербезпека',0),(122,'126','Інформаційні системи та технології',0),(123,'131','Прикладна механіка',0),(124,'132','Матеріалознавство',0),(125,'133','Галузеве машинобудування',0),(126,'134','Авіаційна та ракетно-космічна техніка',0),(127,'135','Суднобудування',0),(128,'136','Металургія',0),(129,'141','Електроенергетика, електротехніка та електромеханіка',0),(130,'142','Енергетичне машинобудування',0),(131,'143','Атомна енергетика',0),(132,'144','Теплоенергетика',0),(133,'145','Гідроенергетика',0),(134,'151','Автоматизація та комп’ютерно-інтегровані технології',0),(135,'152','Метрологія та інформаційно-вимірювальна техніка',0),(136,'153','Мікро- та наносистемна техніка',0),(137,'161','Хімічні технології та інженерія',0),(138,'162','Біотехнології та біоінженерія',0),(139,'163','Біомедична інженерія',0),(140,'171','Електроніка',0),(141,'172','Телекомунікації та радіотехніка',0),(142,'173','Авіоніка',0),(143,'181','Харчові технології',0),(144,'182','Технології легкої промисловості',0),(145,'183','Технології захисту навколишнього середовища',0),(146,'184','Гірництво',0),(147,'185','Нафтогазова інженерія та технології',0),(148,'186','Видавництво та поліграфія',0),(149,'187','Деревообробні та меблеві технології',0),(150,'191','Архітектура та містобудування',0),(151,'192','Будівництво та цивільна інженерія',0),(152,'193','Геодезія та землеустрій',0),(153,'194','Гідротехнічне будівництво, водна інженерія та водні технології',0),(154,'201','Агрономія',0),(155,'202','Захист і карантин рослин',0),(156,'203','Садівництво та виноградарство',0),(157,'204','Технологія виробництва і переробки продукції тваринництва',0),(158,'205','Лісове господарство',0),(159,'206','Садово-паркове господарство',0),(160,'207','Водні біоресурси та аквакультура',0),(161,'208','Агроінженерія',0),(162,'211','Ветеринарна медицина',0),(163,'212','Ветеринарна гігієна, санітарія і експертиза',0),(164,'221','Стоматологія',0),(165,'222','Медицина',0),(166,'223','Медсестринство',0),(167,'224','Технології медичної діагностики та лікування',0),(168,'225','Медична психологія',0),(169,'226','Фармація, промислова фармація',0),(170,'227','Фізична терапія, ерготерапія',0),(171,'227.01','Фізична терапія',0),(172,'227.02','Ерготерапія',0),(173,'228','Педіатрія',0),(174,'229','Громадське здоров`я',0),(175,'231','Соціальна робота',0),(176,'232','Соціальне забезпечення',0),(177,'241','Готельно-ресторанна справа',0),(178,'242','Туризм',0),(179,'251','Державна безпека',0),(180,'252','Безпека державного кордону',0),(181,'253','Військове управління',0),(182,'254','Забезпечення військ (сил)',0),(183,'255','Озброєння та військова техніка',0),(184,'256','Національна безпека',0),(185,'261','Пожежна безпека',0),(186,'262','Правоохоронна діяльність',0),(187,'263','Цивільна безпека',0),(188,'271','Морський та внутрішній водний транспорт',0),(189,'271.01','Навігація і управління морськими суднами',0),(190,'271.02','Управління судновими технічними системами і комплексами',0),(191,'271.03','Експлуатація суднового електрообладнання і засобів автоматики',0),(192,'271.04','Судноводіння на внутрішніх водних шляхах',0),(193,'272','Авіаційний транспорт',0),(194,'273','Залізничний транспорт',0),(195,'274','Автомобільний транспорт',0),(196,'275','Транспортні технології',0),(197,'275.01','на морському та річковому транспорті',0),(198,'275.02','на залізничному транспорті',0),(199,'275.03','на автомобільному транспорті',0),(200,'275.04','на повітряному транспорті',0),(201,'281','Публічне управління та адміністрування',0),(202,'291','Міжнародні відносини, суспільні комунікації та регіональні студії',0),(203,'292','Міжнародні економічні відносини',0),(204,'293','Міжнародне право',0),(205,'014.02','Середня освіта',0);
/*!40000 ALTER TABLE `specialities` ENABLE KEYS */;
UNLOCK TABLES;

--
-- Dumping data for table `specialities_subjects`
--

LOCK TABLES `specialities_subjects` WRITE;
/*!40000 ALTER TABLE `specialities_subjects` DISABLE KEYS */;
INSERT INTO `specialities_subjects` VALUES (1,'101',1,'main'),(2,'101',18,'mandatory'),(3,'101',6,'optional'),(4,'101',14,'optional'),(5,'101',3,'optional'),(6,'101',19,'optional'),(7,'101',21,'optional'),(8,'101',22,'optional'),(9,'102',1,'main'),(10,'102',22,'mandatory'),(11,'102',6,'optional'),(12,'102',14,'optional'),(13,'102',3,'optional'),(14,'102',18,'optional'),(15,'102',19,'optional'),(16,'102',21,'optional'),(17,'103',1,'main'),(18,'103',14,'mandatory'),(19,'103',6,'optional'),(20,'103',3,'optional'),(21,'103',18,'optional'),(22,'103',19,'optional'),(23,'103',21,'optional'),(24,'103',22,'optional'),(25,'104',1,'main'),(26,'104',14,'mandatory'),(27,'104',6,'optional'),(28,'104',3,'optional'),(29,'104',18,'optional'),(30,'104',19,'optional'),(31,'104',21,'optional'),(32,'104',22,'optional'),(33,'105',1,'main'),(34,'105',14,'mandatory'),(35,'105',6,'optional'),(36,'105',3,'optional'),(37,'105',18,'optional'),(38,'105',19,'optional'),(39,'105',21,'optional'),(40,'105',22,'optional'),(41,'106',1,'main'),(42,'106',19,'mandatory'),(43,'106',6,'optional'),(44,'106',14,'optional'),(45,'106',3,'optional'),(46,'106',18,'optional'),(47,'106',21,'optional'),(48,'106',22,'optional'),(49,'111',1,'main'),(50,'111',14,'mandatory'),(51,'111',6,'optional'),(52,'111',3,'optional'),(53,'111',18,'optional'),(54,'111',19,'optional'),(55,'111',21,'optional'),(56,'111',22,'optional'),(57,'112',1,'main'),(58,'112',14,'mandatory'),(59,'112',6,'optional'),(60,'112',3,'optional'),(61,'112',18,'optional'),(62,'112',19,'optional'),(63,'112',21,'optional'),(64,'112',22,'optional'),(65,'113',1,'main'),(66,'113',14,'mandatory'),(67,'113',6,'optional'),(68,'113',3,'optional'),(69,'113',18,'optional'),(70,'113',19,'optional'),(71,'113',21,'optional'),(72,'113',22,'optional'),(73,'121',1,'main'),(74,'121',14,'mandatory'),(75,'121',6,'optional'),(76,'121',3,'optional'),(77,'121',18,'optional'),(78,'121',19,'optional'),(79,'121',21,'optional'),(80,'121',22,'optional'),(81,'122',1,'main'),(82,'122',14,'mandatory'),(83,'122',6,'optional'),(84,'122',3,'optional'),(85,'122',18,'optional'),(86,'122',19,'optional'),(87,'122',21,'optional'),(88,'122',22,'optional'),(89,'123',1,'main'),(90,'123',14,'mandatory'),(91,'123',6,'optional'),(92,'123',3,'optional'),(93,'123',18,'optional'),(94,'123',19,'optional'),(95,'123',21,'optional'),(96,'123',22,'optional'),(97,'124',1,'main'),(98,'124',14,'mandatory'),(99,'124',6,'optional'),(100,'124',3,'optional'),(101,'124',18,'optional'),(102,'124',19,'optional'),(103,'124',21,'optional'),(104,'124',22,'optional'),(105,'125',1,'main'),(106,'125',14,'mandatory'),(107,'125',6,'optional'),(108,'125',3,'optional'),(109,'125',18,'optional'),(110,'125',19,'optional'),(111,'125',21,'optional'),(112,'125',22,'optional'),(113,'126',1,'main'),(114,'126',14,'mandatory'),(115,'126',6,'optional'),(116,'126',3,'optional'),(117,'126',18,'optional'),(118,'126',19,'optional'),(119,'126',21,'optional'),(120,'126',22,'optional'),(121,'131',1,'main'),(122,'131',14,'mandatory'),(123,'131',6,'optional'),(124,'131',3,'optional'),(125,'131',18,'optional'),(126,'131',19,'optional'),(127,'131',21,'optional'),(128,'131',22,'optional'),(129,'132',1,'main'),(130,'132',14,'mandatory'),(131,'132',6,'optional'),(132,'132',3,'optional'),(133,'132',18,'optional'),(134,'132',19,'optional'),(135,'132',21,'optional'),(136,'132',22,'optional'),(137,'133',1,'main'),(138,'133',14,'mandatory'),(139,'133',6,'optional'),(140,'133',3,'optional'),(141,'133',18,'optional'),(142,'133',19,'optional'),(143,'133',21,'optional'),(144,'133',22,'optional'),(145,'134',1,'main'),(146,'134',14,'mandatory'),(147,'134',6,'optional'),(148,'134',3,'optional'),(149,'134',18,'optional'),(150,'134',19,'optional'),(151,'134',21,'optional'),(152,'134',22,'optional'),(153,'135',1,'main'),(154,'135',14,'mandatory'),(155,'135',6,'optional'),(156,'135',3,'optional'),(157,'135',18,'optional'),(158,'135',19,'optional'),(159,'135',21,'optional'),(160,'135',22,'optional'),(161,'136',1,'main'),(162,'136',14,'mandatory'),(163,'136',6,'optional'),(164,'136',3,'optional'),(165,'136',18,'optional'),(166,'136',19,'optional'),(167,'136',21,'optional'),(168,'136',22,'optional'),(169,'141',1,'main'),(170,'141',14,'mandatory'),(171,'141',6,'optional'),(172,'141',3,'optional'),(173,'141',18,'optional'),(174,'141',19,'optional'),(175,'141',21,'optional'),(176,'141',22,'optional'),(177,'142',1,'main'),(178,'142',14,'mandatory'),(179,'142',6,'optional'),(180,'142',3,'optional'),(181,'142',18,'optional'),(182,'142',19,'optional'),(183,'142',21,'optional'),(184,'142',22,'optional'),(185,'143',1,'main'),(186,'143',14,'mandatory'),(187,'143',21,'optional'),(188,'143',22,'optional'),(189,'144',1,'main'),(190,'144',14,'mandatory'),(191,'144',21,'optional'),(192,'144',22,'optional'),(193,'145',1,'main'),(194,'145',14,'mandatory'),(195,'145',21,'optional'),(196,'145',22,'optional'),(197,'151',1,'main'),(198,'151',14,'mandatory'),(199,'151',6,'optional'),(200,'151',3,'optional'),(201,'151',18,'optional'),(202,'151',19,'optional'),(203,'151',21,'optional'),(204,'151',22,'optional'),(205,'152',1,'main'),(206,'152',14,'mandatory'),(207,'152',6,'optional'),(208,'152',3,'optional'),(209,'152',18,'optional'),(210,'152',19,'optional'),(211,'152',21,'optional'),(212,'152',22,'optional'),(213,'153',1,'main'),(214,'153',14,'mandatory'),(215,'153',6,'optional'),(216,'153',3,'optional'),(217,'153',18,'optional'),(218,'153',19,'optional'),(219,'153',21,'optional'),(220,'153',22,'optional'),(221,'161',1,'main'),(222,'161',14,'mandatory'),(223,'161',6,'optional'),(224,'161',3,'optional'),(225,'161',18,'optional'),(226,'161',19,'optional'),(227,'161',21,'optional'),(228,'161',22,'optional'),(229,'162',1,'main'),(230,'162',18,'mandatory'),(231,'162',6,'optional'),(232,'162',14,'optional'),(233,'162',3,'optional'),(234,'162',19,'optional'),(235,'162',21,'optional'),(236,'162',22,'optional'),(237,'163',1,'main'),(238,'163',18,'mandatory'),(239,'163',6,'optional'),(240,'163',14,'optional'),(241,'163',3,'optional'),(242,'163',19,'optional'),(243,'163',21,'optional'),(244,'163',22,'optional'),(245,'171',1,'main'),(246,'171',14,'mandatory'),(247,'171',6,'optional'),(248,'171',3,'optional'),(249,'171',18,'optional'),(250,'171',19,'optional'),(251,'171',21,'optional'),(252,'171',22,'optional'),(253,'172',1,'main'),(254,'172',14,'mandatory'),(255,'172',6,'optional'),(256,'172',3,'optional'),(257,'172',18,'optional'),(258,'172',19,'optional'),(259,'172',21,'optional'),(260,'172',22,'optional'),(261,'173',1,'main'),(262,'173',14,'mandatory'),(263,'173',6,'optional'),(264,'173',3,'optional'),(265,'173',18,'optional'),(266,'173',19,'optional'),(267,'173',21,'optional'),(268,'173',22,'optional'),(269,'181',1,'main'),(270,'181',14,'mandatory'),(271,'181',6,'optional'),(272,'181',3,'optional'),(273,'181',18,'optional'),(274,'181',19,'optional'),(275,'181',21,'optional'),(276,'181',22,'optional'),(277,'182',1,'main'),(278,'182',14,'mandatory'),(279,'182',6,'optional'),(280,'182',3,'optional'),(281,'182',18,'optional'),(282,'182',19,'optional'),(283,'182',21,'optional'),(284,'182',22,'optional'),(285,'183',1,'main'),(286,'183',14,'mandatory'),(287,'183',6,'optional'),(288,'183',3,'optional'),(289,'183',18,'optional'),(290,'183',19,'optional'),(291,'183',21,'optional'),(292,'183',22,'optional'),(293,'184',1,'main'),(294,'184',14,'mandatory'),(295,'184',6,'optional'),(296,'184',3,'optional'),(297,'184',18,'optional'),(298,'184',19,'optional'),(299,'184',21,'optional'),(300,'184',22,'optional'),(301,'185',1,'main'),(302,'185',14,'mandatory'),(303,'185',6,'optional'),(304,'185',3,'optional'),(305,'185',18,'optional'),(306,'185',19,'optional'),(307,'185',21,'optional'),(308,'185',22,'optional'),(309,'186',1,'main'),(310,'186',14,'mandatory'),(311,'186',6,'optional'),(312,'186',3,'optional'),(313,'186',18,'optional'),(314,'186',19,'optional'),(315,'186',21,'optional'),(316,'186',22,'optional'),(317,'187',1,'main'),(318,'187',14,'mandatory'),(319,'187',6,'optional'),(320,'187',3,'optional'),(321,'187',18,'optional'),(322,'187',19,'optional'),(323,'187',21,'optional'),(324,'187',22,'optional'),(325,'191',29,'main'),(326,'191',14,'mandatory'),(327,'191',999,'optional'),(328,'192',1,'main'),(329,'192',14,'mandatory'),(330,'192',6,'optional'),(331,'192',3,'optional'),(332,'192',18,'optional'),(333,'192',19,'optional'),(334,'192',21,'optional'),(335,'192',22,'optional'),(336,'193',1,'main'),(337,'193',14,'mandatory'),(338,'193',6,'optional'),(339,'193',3,'optional'),(340,'193',18,'optional'),(341,'193',19,'optional'),(342,'193',21,'optional'),(343,'193',22,'optional'),(344,'194',1,'main'),(345,'194',14,'mandatory'),(346,'194',6,'optional'),(347,'194',3,'optional'),(348,'194',18,'optional'),(349,'194',19,'optional'),(350,'194',21,'optional'),(351,'194',22,'optional'),(352,'201',1,'main'),(353,'201',18,'mandatory'),(354,'201',6,'optional'),(355,'201',14,'optional'),(356,'201',3,'optional'),(357,'201',19,'optional'),(358,'201',21,'optional'),(359,'201',22,'optional'),(360,'202',1,'main'),(361,'202',18,'mandatory'),(362,'202',6,'optional'),(363,'202',14,'optional'),(364,'202',3,'optional'),(365,'202',19,'optional'),(366,'202',21,'optional'),(367,'202',22,'optional'),(368,'203',1,'main'),(369,'203',18,'mandatory'),(370,'203',6,'optional'),(371,'203',14,'optional'),(372,'203',3,'optional'),(373,'203',19,'optional'),(374,'203',21,'optional'),(375,'203',22,'optional'),(376,'204',1,'main'),(377,'204',18,'mandatory'),(378,'204',6,'optional'),(379,'204',14,'optional'),(380,'204',3,'optional'),(381,'204',19,'optional'),(382,'204',21,'optional'),(383,'204',22,'optional'),(384,'205',1,'main'),(385,'205',14,'mandatory'),(386,'205',6,'optional'),(387,'205',3,'optional'),(388,'205',18,'optional'),(389,'205',19,'optional'),(390,'205',21,'optional'),(391,'205',22,'optional'),(392,'206',1,'main'),(393,'206',14,'mandatory'),(394,'206',6,'optional'),(395,'206',3,'optional'),(396,'206',18,'optional'),(397,'206',19,'optional'),(398,'206',21,'optional'),(399,'206',22,'optional'),(400,'207',1,'main'),(401,'207',18,'mandatory'),(402,'207',6,'optional'),(403,'207',14,'optional'),(404,'207',3,'optional'),(405,'207',19,'optional'),(406,'207',21,'optional'),(407,'207',22,'optional'),(408,'208',1,'main'),(409,'208',14,'mandatory'),(410,'208',6,'optional'),(411,'208',3,'optional'),(412,'208',18,'optional'),(413,'208',19,'optional'),(414,'208',21,'optional'),(415,'208',22,'optional'),(416,'211',1,'main'),(417,'211',18,'mandatory'),(418,'211',14,'mandatory'),(419,'211',22,'optional'),(420,'211',21,'optional'),(421,'212',1,'main'),(422,'212',18,'mandatory'),(423,'212',14,'mandatory'),(424,'212',22,'optional'),(425,'212',21,'optional'),(426,'221',1,'main'),(427,'221',14,'mandatory'),(428,'221',21,'optional'),(429,'221',18,'optional'),(430,'221',22,'optional'),(431,'222',1,'main'),(432,'222',14,'mandatory'),(433,'222',21,'optional'),(434,'222',18,'optional'),(435,'222',22,'optional'),(436,'223',1,'main'),(437,'223',14,'mandatory'),(438,'223',21,'optional'),(439,'223',18,'optional'),(440,'223',22,'optional'),(441,'224',1,'main'),(442,'224',14,'mandatory'),(443,'224',21,'optional'),(444,'224',18,'optional'),(445,'224',22,'optional'),(446,'225',1,'main'),(447,'225',14,'mandatory'),(448,'225',21,'optional'),(449,'225',18,'optional'),(450,'225',22,'optional'),(451,'226',1,'main'),(452,'226',14,'mandatory'),(453,'226',21,'optional'),(454,'226',18,'optional'),(455,'226',22,'optional'),(456,'227',1,'main'),(457,'227',14,'mandatory'),(458,'227',21,'optional'),(459,'227',18,'optional'),(460,'227',22,'optional'),(461,'228',1,'main'),(462,'228',14,'mandatory'),(463,'228',21,'optional'),(464,'228',18,'optional'),(465,'228',22,'optional'),(466,'229',1,'main'),(467,'229',14,'mandatory'),(468,'229',21,'optional'),(469,'229',18,'optional'),(470,'229',22,'optional'),(471,'231',29,'main'),(472,'231',6,'mandatory'),(473,'231',14,'optional'),(474,'231',3,'optional'),(475,'231',18,'optional'),(476,'231',19,'optional'),(477,'231',21,'optional'),(478,'231',22,'optional'),(479,'232',29,'main'),(480,'232',6,'mandatory'),(481,'232',14,'optional'),(482,'232',3,'optional'),(483,'232',18,'optional'),(484,'232',19,'optional'),(485,'232',21,'optional'),(486,'232',22,'optional'),(487,'241',29,'main'),(488,'241',3,'mandatory'),(489,'241',6,'optional'),(490,'241',14,'optional'),(491,'241',18,'optional'),(492,'241',19,'optional'),(493,'241',21,'optional'),(494,'241',22,'optional'),(495,'242',29,'main'),(496,'242',3,'mandatory'),(497,'242',6,'optional'),(498,'242',14,'optional'),(499,'242',18,'optional'),(500,'242',19,'optional'),(501,'242',21,'optional'),(502,'242',22,'optional'),(503,'251',1,'main'),(504,'252',1,'main'),(505,'253',1,'main'),(506,'254',1,'main'),(507,'255',1,'main'),(508,'255',14,'mandatory'),(509,'255',21,'optional'),(510,'255',3,'optional'),(511,'256',1,'main'),(512,'261',1,'main'),(513,'261',14,'mandatory'),(514,'261',21,'optional'),(515,'261',18,'optional'),(516,'262',1,'main'),(517,'262',6,'mandatory'),(518,'262',999,'optional'),(519,'263',1,'main'),(520,'263',14,'mandatory'),(521,'263',21,'optional'),(522,'263',3,'optional'),(523,'271',29,'main'),(524,'272',1,'main'),(525,'272',14,'mandatory'),(526,'272',21,'optional'),(527,'272',3,'optional'),(528,'273',1,'main'),(529,'273',14,'mandatory'),(530,'273',21,'optional'),(531,'273',3,'optional'),(532,'274',1,'main'),(533,'274',14,'mandatory'),(534,'274',21,'optional'),(535,'274',3,'optional'),(536,'275',1,'main'),(537,'275',14,'mandatory'),(538,'275',21,'optional'),(539,'275',3,'optional'),(540,'281',29,'main'),(541,'281',14,'mandatory'),(542,'281',6,'optional'),(543,'281',3,'optional'),(544,'281',18,'optional'),(545,'281',19,'optional'),(546,'281',21,'optional'),(547,'281',22,'optional'),(548,'291',29,'main'),(549,'291',3,'mandatory'),(550,'291',6,'optional'),(551,'291',14,'optional'),(552,'291',18,'optional'),(553,'291',19,'optional'),(554,'291',21,'optional'),(555,'291',22,'optional'),(556,'292',29,'main'),(557,'292',14,'mandatory'),(558,'292',6,'optional'),(559,'292',3,'optional'),(560,'292',18,'optional'),(561,'292',19,'optional'),(562,'292',21,'optional'),(563,'292',22,'optional'),(564,'293',29,'main'),(565,'293',3,'mandatory'),(566,'293',6,'optional'),(567,'293',14,'optional'),(568,'011',29,'main'),(569,'012',29,'main'),(570,'012',6,'mandatory'),(571,'012',14,'optional'),(572,'012',3,'optional'),(573,'012',18,'optional'),(574,'012',19,'optional'),(575,'012',21,'optional'),(576,'012',22,'optional'),(577,'013',29,'main'),(578,'013',14,'mandatory'),(579,'013',6,'optional'),(580,'013',3,'optional'),(581,'013',18,'optional'),(582,'013',19,'optional'),(583,'013',21,'optional'),(584,'013',22,'optional'),(585,'014.01',29,'main'),(586,'014.01',6,'mandatory'),(587,'014.01',14,'optional'),(588,'014.01',3,'optional'),(589,'014.01',18,'optional'),(590,'014.01',19,'optional'),(591,'014.01',21,'optional'),(592,'014.01',22,'optional'),(593,'014.02',29,'main'),(594,'014.02',3,'mandatory'),(595,'014.02',6,'optional'),(596,'014.02',14,'optional'),(597,'014.02',18,'optional'),(598,'014.02',19,'optional'),(599,'014.02',21,'optional'),(600,'014.02',22,'optional'),(601,'014.03',29,'main'),(602,'014.03',6,'mandatory'),(603,'014.03',14,'optional'),(604,'014.03',3,'optional'),(605,'014.03',18,'optional'),(606,'014.03',19,'optional'),(607,'014.03',21,'optional'),(608,'014.03',22,'optional'),(609,'014.04',1,'main'),(610,'014.04',14,'mandatory'),(611,'014.04',6,'optional'),(612,'014.04',3,'optional'),(613,'014.04',18,'optional'),(614,'014.04',19,'optional'),(615,'014.04',21,'optional'),(616,'014.04',22,'optional'),(617,'014.05',1,'main'),(618,'014.05',18,'mandatory'),(619,'014.05',6,'optional'),(620,'014.05',14,'optional'),(621,'014.05',3,'optional'),(622,'014.05',19,'optional'),(623,'014.05',21,'optional'),(624,'014.05',22,'optional'),(625,'014.06',1,'main'),(626,'014.06',22,'mandatory'),(627,'014.06',6,'optional'),(628,'014.06',14,'optional'),(629,'014.06',3,'optional'),(630,'014.06',18,'optional'),(631,'014.06',19,'optional'),(632,'014.06',21,'optional'),(633,'014.07',29,'main'),(634,'014.07',19,'mandatory'),(635,'014.07',6,'optional'),(636,'014.07',14,'optional'),(637,'014.07',3,'optional'),(638,'014.07',18,'optional'),(639,'014.07',21,'optional'),(640,'014.07',22,'optional'),(641,'014.08',1,'main'),(642,'014.08',14,'mandatory'),(643,'014.08',6,'optional'),(644,'014.08',3,'optional'),(645,'014.08',18,'optional'),(646,'014.08',19,'optional'),(647,'014.08',21,'optional'),(648,'014.08',22,'optional'),(649,'014.09',1,'main'),(650,'014.09',14,'mandatory'),(651,'014.09',6,'optional'),(652,'014.09',3,'optional'),(653,'014.09',18,'optional'),(654,'014.09',19,'optional'),(655,'014.09',21,'optional'),(656,'014.09',22,'optional'),(657,'014.10',1,'main'),(658,'014.10',14,'mandatory'),(659,'014.10',6,'optional'),(660,'014.10',3,'optional'),(661,'014.10',18,'optional'),(662,'014.10',19,'optional'),(663,'014.10',21,'optional'),(664,'014.10',22,'optional'),(665,'014.11',1,'main'),(666,'014.11',18,'mandatory'),(667,'014.11',6,'optional'),(668,'014.11',14,'optional'),(669,'014.11',3,'optional'),(670,'014.11',19,'optional'),(671,'014.11',21,'optional'),(672,'014.11',22,'optional'),(673,'014.12',29,'main'),(674,'014.12',6,'mandatory'),(675,'014.12',14,'optional'),(676,'014.12',3,'optional'),(677,'014.12',18,'optional'),(678,'014.12',19,'optional'),(679,'014.12',21,'optional'),(680,'014.12',22,'optional'),(681,'014.13',29,'main'),(682,'014.13',6,'mandatory'),(683,'014.13',14,'optional'),(684,'014.13',3,'optional'),(685,'014.13',18,'optional'),(686,'014.13',19,'optional'),(687,'014.13',21,'optional'),(688,'014.13',22,'optional'),(689,'014.15',1,'main'),(690,'014.15',18,'mandatory'),(691,'014.15',6,'optional'),(692,'014.15',14,'optional'),(693,'014.15',3,'optional'),(694,'014.15',19,'optional'),(695,'014.15',21,'optional'),(696,'014.15',22,'optional'),(697,'015',1,'main'),(698,'015',14,'mandatory'),(699,'015',6,'optional'),(700,'015',3,'optional'),(701,'015',18,'optional'),(702,'015',19,'optional'),(703,'015',21,'optional'),(704,'015',22,'optional'),(705,'016',29,'main'),(706,'016',18,'mandatory'),(707,'016',6,'optional'),(708,'016',14,'optional'),(709,'016',3,'optional'),(710,'016',19,'optional'),(711,'016',21,'optional'),(712,'016',22,'optional'),(713,'017',1,'main'),(714,'017',18,'mandatory'),(715,'017',999,'optional'),(716,'021',29,'main'),(717,'021',6,'mandatory'),(718,'021',21,'mandatory'),(719,'021',999,'optional'),(720,'022.01',29,'main'),(721,'022.01',14,'mandatory'),(722,'022.01',999,'optional'),(723,'022.02',29,'main'),(724,'022.02',14,'mandatory'),(725,'022.02',999,'optional'),(726,'022.03',29,'main'),(727,'022.03',14,'mandatory'),(728,'022.03',999,'optional'),(729,'022.04',29,'main'),(730,'022.04',14,'mandatory'),(731,'022.04',999,'optional'),(732,'022.05',29,'main'),(733,'022.05',14,'mandatory'),(734,'022.05',6,'optional'),(735,'022.05',3,'optional'),(736,'022.05',18,'optional'),(737,'022.05',19,'optional'),(738,'022.05',21,'optional'),(739,'022.05',22,'optional'),(740,'023',29,'main'),(741,'023',6,'mandatory'),(742,'023',22,'mandatory'),(743,'023',999,'optional'),(744,'024',29,'main'),(745,'024',6,'mandatory'),(746,'024',18,'mandatory'),(747,'024',999,'optional'),(748,'025',29,'main'),(749,'025',6,'mandatory'),(750,'025',14,'mandatory'),(751,'025',3,'mandatory'),(752,'025',999,'optional'),(753,'026',29,'main'),(754,'026',6,'mandatory'),(755,'026',3,'mandatory'),(756,'026',999,'optional'),(757,'027',29,'main'),(758,'027',6,'mandatory'),(759,'027',14,'optional'),(760,'027',3,'optional'),(761,'027',18,'optional'),(762,'027',19,'optional'),(763,'027',21,'optional'),(764,'027',22,'optional'),(765,'028',29,'main'),(766,'028',14,'mandatory'),(767,'028',6,'optional'),(768,'028',3,'optional'),(769,'028',18,'optional'),(770,'028',19,'optional'),(771,'028',21,'optional'),(772,'028',22,'optional'),(773,'029',29,'main'),(774,'029',6,'mandatory'),(775,'029',14,'optional'),(776,'029',3,'optional'),(777,'029',18,'optional'),(778,'029',19,'optional'),(779,'029',21,'optional'),(780,'029',22,'optional'),(781,'031',29,'main'),(782,'031',6,'mandatory'),(783,'031',14,'optional'),(784,'031',3,'optional'),(785,'031',18,'optional'),(786,'031',19,'optional'),(787,'031',21,'optional'),(788,'031',22,'optional'),(789,'032',29,'main'),(790,'032',6,'mandatory'),(791,'032',14,'optional'),(792,'032',3,'optional'),(793,'032',18,'optional'),(794,'032',19,'optional'),(795,'032',21,'optional'),(796,'032',22,'optional'),(797,'033',29,'main'),(798,'033',6,'mandatory'),(799,'033',14,'optional'),(800,'033',3,'optional'),(801,'033',18,'optional'),(802,'033',19,'optional'),(803,'033',21,'optional'),(804,'033',22,'optional'),(805,'034',29,'main'),(806,'034',6,'mandatory'),(807,'034',14,'optional'),(808,'034',3,'optional'),(809,'034',18,'optional'),(810,'034',19,'optional'),(811,'034',21,'optional'),(812,'034',22,'optional'),(813,'035',29,'main'),(814,'035',3,'mandatory'),(815,'035',6,'optional'),(816,'035',14,'optional'),(817,'035',18,'optional'),(818,'035',19,'optional'),(819,'035',21,'optional'),(820,'035',22,'optional'),(821,'041',29,'main'),(822,'051',29,'main'),(823,'051',14,'mandatory'),(824,'051',6,'optional'),(825,'051',3,'optional'),(826,'051',18,'optional'),(827,'051',19,'optional'),(828,'051',21,'optional'),(829,'051',22,'optional'),(830,'052',29,'main'),(831,'052',6,'mandatory'),(832,'052',14,'optional'),(833,'052',3,'optional'),(834,'052',18,'optional'),(835,'052',19,'optional'),(836,'052',21,'optional'),(837,'052',22,'optional'),(838,'053',29,'main'),(839,'053',14,'mandatory'),(840,'053',6,'optional'),(841,'053',3,'optional'),(842,'053',18,'optional'),(843,'053',19,'optional'),(844,'053',21,'optional'),(845,'053',22,'optional'),(846,'054',29,'main'),(847,'054',14,'mandatory'),(848,'054',6,'optional'),(849,'054',3,'optional'),(850,'054',18,'optional'),(851,'054',19,'optional'),(852,'054',21,'optional'),(853,'054',22,'optional'),(854,'061',29,'main'),(855,'061',6,'mandatory'),(856,'061',14,'optional'),(857,'061',3,'optional'),(858,'061',18,'optional'),(859,'061',19,'optional'),(860,'061',21,'optional'),(861,'061',22,'optional'),(862,'071',29,'main'),(863,'071',14,'mandatory'),(864,'071',6,'optional'),(865,'071',3,'optional'),(866,'071',18,'optional'),(867,'071',19,'optional'),(868,'071',21,'optional'),(869,'071',22,'optional'),(870,'072',29,'main'),(871,'072',14,'mandatory'),(872,'072',6,'optional'),(873,'072',3,'optional'),(874,'072',18,'optional'),(875,'072',19,'optional'),(876,'072',21,'optional'),(877,'072',22,'optional'),(878,'073',29,'main'),(879,'073',14,'mandatory'),(880,'073',6,'optional'),(881,'073',3,'optional'),(882,'073',18,'optional'),(883,'073',19,'optional'),(884,'073',21,'optional'),(885,'073',22,'optional'),(886,'075',29,'main'),(887,'075',14,'mandatory'),(888,'075',6,'optional'),(889,'075',3,'optional'),(890,'075',18,'optional'),(891,'075',19,'optional'),(892,'075',21,'optional'),(893,'075',22,'optional'),(894,'076',29,'main'),(895,'076',14,'mandatory'),(896,'076',6,'optional'),(897,'076',3,'optional'),(898,'076',18,'optional'),(899,'076',19,'optional'),(900,'076',21,'optional'),(901,'076',22,'optional'),(902,'081',29,'main'),(903,'081',6,'mandatory'),(904,'081',14,'optional'),(905,'081',3,'optional'),(906,'091',1,'main'),(907,'091',18,'mandatory'),(908,'091',6,'optional'),(909,'091',14,'optional'),(910,'091',3,'optional'),(911,'091',19,'optional'),(912,'091',21,'optional'),(913,'091',22,'optional');
/*!40000 ALTER TABLE `specialities_subjects` ENABLE KEYS */;
UNLOCK TABLES;

--
-- Dumping data for table `subjects`
--

LOCK TABLES `subjects` WRITE;
/*!40000 ALTER TABLE `subjects` DISABLE KEYS */;
INSERT INTO `subjects` VALUES (1,'Українська мова'),(3,'Іноземні мови'),(6,'Історія України'),(14,'Математика'),(18,'Біологія'),(19,'Географія'),(21,'Фізика'),(22,'Хімія'),(29,'Українська мова та література'),(999,'Творчий конкурс');
/*!40000 ALTER TABLE `subjects` ENABLE KEYS */;
UNLOCK TABLES;

--
-- Dumping data for table `universities`
--

LOCK TABLES `universities` WRITE;
/*!40000 ALTER TABLE `universities` DISABLE KEYS */;
INSERT INTO `universities` VALUES (16,'Львівський торговельно-економічний університет',1),(41,'Київський національний університет імені Тараса Шевченка',2),(97,'Національний університет \"Львівська політехніка\"',1),(160,'Державний вищий навчальний заклад \"Національний лісотехнічний університет України\"',1),(167,'Українська академія друкарства',1),(244,'Заклад вищої освіти \"Український католицький університет\"',1),(282,'Львівський національний університет імені Івана Франка',1);
/*!40000 ALTER TABLE `universities` ENABLE KEYS */;
UNLOCK TABLES;
/*!40103 SET TIME_ZONE=@OLD_TIME_ZONE */;

/*!40101 SET SQL_MODE=@OLD_SQL_MODE */;
/*!40014 SET FOREIGN_KEY_CHECKS=@OLD_FOREIGN_KEY_CHECKS */;
/*!40014 SET UNIQUE_CHECKS=@OLD_UNIQUE_CHECKS */;
/*!40101 SET CHARACTER_SET_CLIENT=@OLD_CHARACTER_SET_CLIENT */;
/*!40101 SET CHARACTER_SET_RESULTS=@OLD_CHARACTER_SET_RESULTS */;
/*!40101 SET COLLATION_CONNECTION=@OLD_COLLATION_CONNECTION */;
/*!40111 SET SQL_NOTES=@OLD_SQL_NOTES */;

-- Dump completed on 2023-04-10 21:25:12
